ID,대분류,중분류(화면),소분류(기능),시나리오,사전조건,테스트절차,기대결과,유형,우선순위,결과,비고
FE-ON-001,온보딩·권한,로그인,화면 진입/초기 렌더링,비로그인 상태에서 로그인 화면 진입 및 초기 UI 렌더링,비로그인 상태(토큰 없음)로 앱 실행,1. 앱을 비로그인 상태로 실행한다. 2. 온보딩 로그인 화면 진입을 확인한다.,중앙 로고(slugWithTitle) 이미지와 하단 소셜 로그인 버튼 영역이 정상 표시된다.,정상,P0,,
FE-ON-002,온보딩·권한,로그인,로그인 버튼 목록,소셜 로그인 버튼 4종이 정의된 순서대로 노출,로그인 화면 진입,1. 로그인 화면 하단 버튼 영역을 확인한다.,Apple로 로그인 / 구글로 로그인 / 카카오로 로그인 / 네이버로 로그인 버튼이 OauthProvider.allCases 순서(apple→google→kakao→naver)로 4개 모두 노출된다.,정상,P1,,
FE-ON-004,온보딩·권한,로그인,Apple 로그인,Apple 로그인 버튼 탭 시 Apple 인증 시트 표시,로그인 화면 진입,1. 'Apple로 로그인' 버튼을 탭한다.,시스템 Apple ID 인증 시트가 표시된다.,정상,P0,,
FE-ON-005,온보딩·권한,로그인,Apple 로그인,Apple 인증 성공 시 로딩 표시 후 다음 단계 전환,Apple 인증 시트 표시 상태,1. Apple ID로 인증을 완료한다. 2. 토큰 획득 후 서버 인증 진행을 관찰한다.,"서버 인증 동안 전체화면 로딩이 노출되고, 성공 시 onComplete 콜백으로 다음 화면(권한/메인)으로 전환된다.",정상,P0,,서버 인증 응답값 정확성은 데이터파트 연계
FE-ON-006,온보딩·권한,로그인,Apple 로그인,Apple 인증 사용자 취소 시 화면 유지,Apple 인증 시트 표시 상태,1. Apple 인증 시트에서 취소(또는 시트 닫기)한다.,에러 알럿과 로딩이 표시되지 않고 로그인 화면이 그대로 유지된다.,예외,P1,,취소코드 1001은 continuation 미resume 처리
FE-ON-008,온보딩·권한,로그인,Google 로그인,구글 로그인 버튼 탭 시 구글 로그인 진행,로그인 화면 진입,1. '구글로 로그인' 버튼을 탭한다.,구글 로그인 화면/시트가 표시된다.,정상,P0,,
FE-ON-011,온보딩·권한,로그인,Kakao 로그인,카카오톡 설치 여부에 따른 로그인 경로 분기,로그인 화면 진입,1. 카카오톡 설치 단말에서 '카카오로 로그인' 탭. 2. 카카오톡 미설치 단말에서 동일하게 탭.,"설치 시 카카오톡 앱으로 전환되어 로그인, 미설치 시 카카오계정 웹 로그인 화면이 표시된다.",정상,P0,,
FE-ON-014,온보딩·권한,로그인,Naver 로그인,네이버 로그인 버튼 탭 시 네이버 로그인 진행,로그인 화면 진입,1. '네이버로 로그인' 버튼을 탭한다.,네이버 로그인 화면/앱 전환이 진행된다.,정상,P0,,
FE-ON-019,온보딩·권한,로그인,에러 처리,네트워크 끊김 상태에서 서버 인증 실패 시 에러 알럿,기내모드/네트워크 차단,1. 네트워크를 차단한다. 2. 소셜 로그인으로 OAuth 인증까지 성공시킨다. 3. 서버 인증 단계로 진입한다.,로딩 해제 후 '에러' 알럿이 노출되고 확인 시 닫히며 로그인 화면이 유지된다.,예외,P1,,
FE-ON-025,온보딩·권한,로그인,전환,로그인 성공 시 onComplete 콜백으로 다음 플로우 전환,서버 인증 성공,1. 소셜 로그인 전체 흐름을 성공시킨다.,onComplete 콜백이 호출되어 온보딩 다음 단계(권한/메인)로 전환된다.,정상,P0,,
FE-ON-027,온보딩·권한,접근 권한 허용,화면 진입/렌더링,permissionRequest 라우트 진입 시 전체 UI 렌더링,OnboardingFactory를 통해 .permissionRequest 라우트로 진입,1. 권한 요청 화면으로 진입한다.,"'앱 사용을 위해 접근 권한을 허용해주세요.' 타이틀, '선택 권한' 라벨, 권한 항목, 하단 안내 박스, '확인' 버튼이 정상 표시된다.",정상,P0,,
FE-ON-030,온보딩·권한,접근 권한 허용,확인 버튼/권한 요청,확인 탭 시 알림·위치 시스템 권한 팝업 노출 후 이전 화면 복귀,"권한 요청 화면 진입, 권한 미결정 상태",1. '확인' 버튼을 탭한다.,"알림 권한 요청 시스템 팝업과 위치 권한 요청 팝업이 노출되고, 이후 coordinator.pop()으로 이전 화면으로 복귀한다.",정상,P0,,
FE-ON-031,온보딩·권한,접근 권한 허용,확인 버튼/권한 요청,알림 권한 거부 시에도 화면 정상 복귀,권한 요청 화면 진입,1. '확인' 탭 후 알림 권한 팝업에서 '허용 안 함'을 선택한다.,앱이 크래시 없이 정상적으로 이전 화면으로 pop되고 다른 기능 이용이 가능하다.,예외,P1,,권한 거부 처리
FE-ON-034,온보딩·권한,접근 권한 허용,네비게이션,확인 후 pop으로 이전 화면 복귀,권한 요청 화면이 push되어 표시된 상태,1. '확인'을 탭한다.,coordinator.pop()이 실행되어 직전 화면으로 정상 복귀한다.,정상,P0,,
FE-SP-001,스플래시,스플래시 화면,스플래시 이미지 렌더링,앱 실행 시 스플래시 이미지가 전체화면으로 표시된다,앱이 정상 설치되어 실행 가능한 상태,1. 앱을 실행한다 2. 첫 화면(스플래시)을 확인한다,"Asset.splash 이미지가 화면 전체에 표시되고, 깨짐이나 빈 영역 없이 정상 렌더링된다",정상,P0,,
FE-SP-005,스플래시,스플래시 화면,앱 최초 실행 판별,앱 최초 설치 후 첫 실행 시 첫 실행 플래그가 초기화되고 스플래시가 정상 종료된다,앱을 처음 설치하여 로컬스토리지에 isAppFirst 값이 없는 상태,1. 앱을 최초 실행한다 2. 스플래시가 표시된 후 다음 화면으로 전환되는지 확인한다,"isAppFirst 키가 없으므로 storage에 false가 저장되고, 콜백이 호출되어 스플래시가 멈추지 않고 다음 화면으로 정상 전환된다",정상,P1,,
FE-SP-007,스플래시,스플래시 화면,자동 로그인 상태 판별,유효한 토큰 보유 상태로 실행 시 로그인된 상태로 전환된다,로컬스토리지에 만료되지 않은 유효한 signInTokenInfo가 저장된 상태,1. 로그인 상태에서 앱을 종료한다 2. 앱을 다시 실행해 스플래시 이후 전환되는 화면을 확인한다,"onComplete(true)가 호출되어 로그인 사용자용 메인 화면으로 전환되며, 로그인 화면을 거치지 않는다",정상,P0,,토큰 유효성 값 판단은 데이터파트 연계
FE-SP-008,스플래시,스플래시 화면,자동 로그인 상태 판별,토큰이 없는 비로그인 상태로 실행 시 비로그인 화면으로 전환된다,로컬스토리지에 signInTokenInfo가 없는 상태(로그아웃 또는 최초 설치),1. 비로그인 상태에서 앱을 실행한다 2. 스플래시 이후 전환되는 화면을 확인한다,onComplete(false)가 호출되어 로그인/온보딩 등 비로그인 진입 화면으로 전환된다,정상,P0,,
FE-SP-009,스플래시,스플래시 화면,자동 로그인 상태 판별,만료된 토큰 보유 상태로 실행 시 세션 정보가 제거되고 비로그인 화면으로 전환된다,로컬스토리지에 만료된 signInTokenInfo가 저장된 상태,1. 토큰이 만료된 상태에서 앱을 실행한다 2. 스플래시 이후 전환되는 화면을 확인한다,저장된 토큰·유저정보(signInTokenInfo/signInUserInfo)가 제거되고 onComplete(false)가 호출되어 비로그인 화면으로 전환(재로그인 유도)된다,예외,P0,,만료 시점 판단의 값 정확성은 데이터파트 연계
FE-SP-011,스플래시,스플래시 화면,화면 전환 콜백,스플래시 처리 완료 시 다음 화면 전환이 한 번만 발생한다,앱 실행 가능한 상태,1. 앱을 실행한다 2. 스플래시 종료 시 화면 전환 동작을 관찰한다,"onComplete 콜백이 1회만 호출되어 다음 화면으로 단일 전환되며, 이중 전환·화면 깜빡임이 발생하지 않는다",경계,P1,,
FE-SP-012,스플래시,스플래시 화면,화면 전환 콜백,오프라인(네트워크 끊김) 상태에서도 스플래시가 정상 표시되고 전환된다,기기가 비행기모드 등 네트워크 차단 상태,1. 네트워크를 차단한다 2. 앱을 실행해 스플래시 표시와 다음 화면 전환을 확인한다,"스플래시는 로컬스토리지만 사용하므로 네트워크 없이도 정상 표시되고, 저장된 로그인 상태에 따라 화면 전환이 완료된다(스플래시 멈춤·무한 대기 없음)",경계,P1,,
FE-TB-001,메인탭,메인탭 루트,로그인 상태 분기,비로그인 상태로 진입 시 로그인 화면 노출,액세스 토큰 없음(비로그인 상태),1. 토큰이 없는 상태로 앱 실행 2. 메인탭 진입,탭바 대신 SignInView(로그인 화면)이 표시된다,예외,P0,,
FE-TB-002,메인탭,메인탭 루트,로그인 상태 분기,로그인 상태로 진입 시 3탭 탭바 노출,유효한 액세스 토큰 보유(로그인 상태),1. 로그인된 상태로 앱 실행 2. 메인탭 진입,홈/관심/마이페이지 3개 탭으로 구성된 탭바가 표시된다,정상,P0,,
FE-TB-003,메인탭,메인탭 루트,로그인 상태 분기,로그인 완료 시 로그인 화면에서 탭바로 자동 전환,비로그인 상태로 SignInView 노출 중,1. 로그인 화면에서 로그인 진행 2. 토큰 발급 완료,토큰 스트림 갱신(isUserLoggedIn=true)으로 자동으로 탭바 화면으로 전환된다,정상,P0,,
FE-TB-004,메인탭,메인탭 루트,로그인 상태 분기,사용 중 토큰 만료/로그아웃 시 로그인 화면으로 전환,로그인 상태로 탭바 사용 중,1. 탭바 사용 중 토큰 만료 또는 로그아웃 발생,tokenInfoStream으로 isUserLoggedIn=false 갱신되어 SignInView로 전환된다,예외,P0,,토큰 만료 트리거 자체는 데이터파트 연계
FE-TB-006,메인탭,온보딩 진입,최초 실행 권한요청 풀스크린,앱 최초 실행 + 로그인 상태에서 권한요청 풀스크린 자동 표시,"isTabEnterFirst 로컬키 미존재(최초 실행), 로그인 상태",1. 설치 후 앱 최초 실행 2. 로그인 상태로 탭바 진입,권한요청 온보딩 풀스크린(presentFullScreen)이 자동으로 표시된다,정상,P0,,
FE-TB-010,메인탭,탭바,탭 전환,탭바 진입 시 기본 선택 탭이 홈,로그인 상태로 탭바 진입,1. 탭바 진입,홈 탭이 선택되어 AuctionHomeView가 표시된다,정상,P0,,
FE-TB-011,메인탭,탭바,탭 전환,홈에서 관심 탭으로 전환,홈 탭 선택 상태,1. 하단 관심 탭 탭,InterestView가 표시되고 관심 탭이 선택 강조된다,정상,P0,,
FE-TB-012,메인탭,탭바,탭 전환,홈에서 마이페이지 탭으로 전환,홈 탭 선택 상태,1. 하단 마이페이지 탭 탭,MyPageView가 표시되고 마이페이지 탭이 선택 강조된다,정상,P0,,
FE-TB-016,메인탭,탭바,탭 상태 보존,다른 탭 갔다 복귀 시 직전 탭 스크롤/상태 보존,홈 탭에서 일정 위치까지 스크롤한 상태,1. 홈 탭 스크롤 2. 관심 탭 이동 3. 홈 탭 복귀,홈 탭의 스크롤 위치 및 화면 상태가 보존된다,경계,P1,,
FE-TB-021,메인탭,네트워크 끊김 시트,네트워크 끊김 안내,사용 중 네트워크 끊기면 안내 시트 자동 노출,"로그인 상태로 탭바 사용 중, 네트워크 연결됨",1. 탭바 사용 중 2. 네트워크 연결 해제,onChange 감지로 '인터넷 연결이 되지 않아요' 안내 시트가 자동으로 표시된다,예외,P0,,
FE-TB-023,메인탭,네트워크 끊김 시트,네트워크 재연결,네트워크 재연결 시 안내 시트 자동 닫힘,네트워크 끊김 시트 표시 중,1. 네트워크 재연결,onChange로 isShowNetworkDisconnect=false 처리되어 시트가 닫힌다,정상,P1,,
FE-AH-001,경매홈,경매홈 매물리스트,초기 로딩,경매홈 최초 진입 시 전체화면 로딩 인디케이터가 표시된다,앱 실행 후 경매홈 탭 최초 진입(비/로그인 무관),1. 경매홈 화면에 진입한다 2. onLoad가 트리거되어 매물 로딩이 시작된다,"로딩 중에는 .loading() 전체화면 인디케이터가 표시되고, 로딩 완료 후 인디케이터가 사라지며 매물 리스트가 렌더링된다",정상,P0,,onLoad는 withFilter:false로 호출되어 필터 미적용 상태로 첫 로딩됨
FE-AH-002,경매홈,경매홈 매물리스트,매물 리스트 렌더링,매물 데이터가 있을 때 인증매물 안내 배너와 매물 셀들이 정상 표시된다,매물 데이터 1건 이상 존재,1. 경매홈에 진입한다 2. 로딩 완료를 기다린다,"상단 인증매물 안내 배너(InformCertificationView) 아래로 매물 셀들이 LazyVStack에 순서대로 표시되며, 각 셀에 이미지/감정가/주소/건물명/D-day(또는 매각)/찜 영역이 보인다",정상,P0,,값 정확성은 데이터파트 연계
FE-AH-004,경매홈,경매홈 매물리스트,에러 처리,매물 로드 실패 시 에러 alert가 표시된다,네트워크 끊김 또는 서버 에러 상황,1. 네트워크를 차단한다 2. 경매홈에 진입하거나 새로고침한다,"로딩 인디케이터가 사라지고 .alert(error:) 에러 알럿이 표시되며, 리스트는 갱신되지 않는다",예외,P0,,에러 메시지 내용 자체는 데이터파트 연계
FE-AH-005,경매홈,경매홈 매물리스트,당겨서 새로고침,리스트를 아래로 당기면 매물이 재조회된다,매물 리스트가 표시된 상태,1. 리스트 최상단에서 아래로 당긴다(pull to refresh),"refreshable가 트리거되어 loadAuctionSalesList(withFilter:true)가 호출되고, 현재 필터 기준으로 리스트가 갱신된다",정상,P1,,"새로고침은 필터 적용(withFilter 기본 true), 최초 onLoad는 필터 미적용 차이 확인"
FE-AH-006,경매홈,경매홈 매물리스트,무한 스크롤,리스트 하단까지 스크롤하면 다음 페이지 매물이 추가 로드된다,매물 1건 이상 존재(다음 페이지 데이터 존재),1. 리스트를 아래로 끝까지 스크롤한다,"하단 loadMoreView의 task가 트리거되어 loadMoreAuctionSales가 호출되고, 기존 리스트 끝에 다음 페이지 매물이 append되며 스크롤이 이어진다",정상,P0,,
FE-AH-008,경매홈,경매홈 매물리스트,무한 스크롤,추가 페이지 로딩 실패 시 기존 리스트가 유지되고 에러 alert가 뜬다,"첫 페이지는 로드됨, 다음 페이지 로딩 시 네트워크 에러",1. 하단까지 스크롤한다 2. 추가 로딩 중 네트워크를 차단한다,"에러 alert가 표시되고, 기존에 표시되던 매물 리스트(currentAuctionSalesItems)는 사라지지 않고 그대로 유지된다",예외,P1,,
FE-AH-009,경매홈,경매홈 매물리스트,매물 상세 진입,매물 셀을 탭하면 경매 상세 화면으로 이동한다,매물 리스트가 표시된 상태,1. 임의의 매물 셀을 탭한다,"coordinator.push(.auctionDetail)로 해당 매물 상세 화면이 push되고, 동시에 saveRecentSales로 최근 본 매물에 저장된다",정상,P0,,최근 본 매물 저장값 정확성은 데이터파트 연계
FE-AH-012,경매홈,매물 셀,관심(찜) 토글,찜 안 된 매물의 하트를 탭하면 찜 활성 상태로 바뀐다,"로그인 상태, 해당 매물 isZzim=false",1. 매물 셀의 하트 버튼을 탭한다,"하트 아이콘이 채워진 빨강(critical)으로 바뀌고 찜 카운트가 +1 증가하며, NotificationCenter로 다른 화면에 동기화 알림이 전파된다",정상,P0,,
FE-AH-013,경매홈,매물 셀,관심(찜) 토글,찜 된 매물의 하트를 탭하면 찜이 해제된다,"로그인 상태, 해당 매물 isZzim=true",1. 매물 셀의 하트 버튼을 탭한다,하트 아이콘이 비활성(neutralMuted)으로 바뀌고 찜 카운트가 -1 감소한다,정상,P1,,
FE-AH-015,경매홈,매물 셀,찜 상태 동기화,다른 화면에서 찜 상태를 변경 후 홈으로 복귀하면 셀 상태가 동기화된다,"매물 리스트 표시, 상세 등 다른 화면에서 동일 매물 찜 변경",1. 매물 상세로 진입한다 2. 상세에서 찜을 토글한다 3. 경매홈으로 복귀한다,NotificationCenter(auctionZzimDidChange) 수신으로 syncZzimState가 호출되어 홈 리스트 해당 셀의 하트 상태와 찜 카운트가 변경 결과와 일치하게 갱신된다,정상,P1,,
FE-AH-021,경매홈,경매홈 상단바,지역 표시,선택된 지역/시군구에 따라 상단 지역 텍스트가 올바르게 표시된다,지역 미선택/지역만 선택/시군구까지 선택 각 상태,1. 각 상태에서 상단바 지역 영역을 확인한다,"지역 미선택 시 기본 문구(homeDefaultArea), 지역만 선택 시 'region', 시군구까지 선택 시 'region district' 형식으로 표시된다",정상,P1,,
FE-AH-022,경매홈,경매홈 상단바,지역선택 시트 열기,지역 버튼을 탭하면 지역선택 바텀시트가 열린다,경매홈 표시 상태,1. 상단바 지역 텍스트/화살표 버튼을 탭한다,isShowFilterArea가 true가 되어 AuctionFilterLocationView 시트가 present된다,정상,P0,,
FE-AH-024,경매홈,지역선택 시트,지역 목록,지역선택 시트에 지역 목록이 표시된다,필터(regions) 조회 성공,1. 상단바 지역 버튼으로 시트를 연다,"좌측에 지역(region) 목록이 표시되고, 현재 선택된 지역은 강조(neutral 배경/흰 글씨)된다",정상,P1,,
FE-AH-027,경매홈,지역선택 시트,적용,적용 버튼을 탭하면 선택 지역으로 리스트가 갱신되고 시트가 닫힌다,지역/시군구를 선택한 상태,1. 지역/시군구를 선택한다 2. 우측 상단 '적용'을 탭한다,onApplied로 loadAuctionSalesList가 호출되어 리스트가 갱신되고 isShowFilterArea=false로 시트가 닫히며 상단바 지역 텍스트가 갱신된다,정상,P0,,
FE-AH-030,경매홈,필터바,필터 버튼 노출,필터 바에 5종 필터 버튼이 가로로 표시된다,경매홈 표시 상태,1. 필터 바를 확인한다,"인증매물/건물용도/경매상태/가격/낙찰 5개 필터 버튼이 가로 스크롤 영역에 표시되며, 인증매물 버튼에는 좌측 인증 아이콘, 확장형(건물용도/경매상태/가격)에는 우측 화살표가 표시된다",정상,P1,,
FE-AH-031,경매홈,필터바,인증매물 토글,인증매물 칩을 탭하면 즉시 토글되고 리스트가 갱신된다,경매홈 표시 상태,1. 인증매물 필터 칩을 탭한다,isCertified가 토글되어 활성 시 칩이 채워진 스타일(neutral 배경/흰 글씨)로 바뀌고 refreshData로 즉시 리스트가 재조회된다,정상,P0,,
FE-AH-033,경매홈,필터바,확장 필터 시트 열기,건물용도/경매상태/가격 칩을 탭하면 해당 필터 시트가 열린다,경매홈 표시 상태,1. 건물용도 칩을 탭한다 2. 닫고 경매상태 칩을 탭한다 3. 닫고 가격 칩을 탭한다,각 칩에 대응하는 바텀시트(건물용도/경매상태/가격)가 dynamicSheet로 present된다,정상,P1,,
FE-AH-034,경매홈,필터바,필터 타이틀 갱신,필터 선택 결과가 필터 칩 타이틀에 반영된다,건물용도/경매상태/가격 필터를 선택한 상태,1. 건물용도에서 2개 이상 선택한다 2. 가격 범위를 설정한다,"건물용도/경매상태는 첫 선택명 또는 '첫항목 외 N개'(auctionFilterMultiSelect)로, 가격은 'X 이상 Y 이하/이상/이하' 형식으로 칩 타이틀이 갱신되고 활성 스타일이 적용된다",정상,P1,,표시 금액 문자열 정확성은 데이터파트 연계
FE-AH-036,경매홈,필터바,시트 닫힘 후 갱신,필터 시트를 닫으면 현재 필터 기준으로 리스트가 갱신된다,확장 필터 시트가 열린 상태,1. 필터 시트에서 값을 변경한다 2. 시트를 드래그/dismiss로 닫는다,sheet onDismiss에서 refreshData가 호출되어 변경된 필터 기준으로 리스트가 재조회된다,정상,P1,,
FE-AH-039,경매홈,건물용도 필터 시트,다중 선택+디바운스,건물용도 칩 다중 선택 시 0.5초 디바운스 후 리스트와 매물 수가 갱신된다,건물용도 시트가 열린 상태,1. 칩을 빠르게 여러 개 연속 선택한다,선택할 때마다 이전 reloadTask가 취소되고 마지막 선택 0.5초 후 1회만 loadAuctionSalesList가 호출되어 'N개 매물 보기' 버튼의 매물 수(filteredItemCount)가 갱신된다,정상,P1,,
FE-AD-001,경매상세,경매상세 진입/로딩,초기 로딩,상세 진입 시 데이터 로드 전 로딩 인디케이터 표시,"유효한 auctionID로 상세 진입, 응답 지연 상태",1. 매물 리스트 등에서 경매 상세로 진입한다. 2. 데이터가 도착하기 전 화면을 관찰한다.,auctionDetailItem이 nil인 동안 화면 중앙에 ProgressView(로딩 스피너)만 표시된다.,정상,P0,,
FE-AD-002,경매상세,경매상세 진입/로딩,초기 로딩,진입 시 상세 데이터 자동 로드,유효한 auctionID,1. 경매 상세 화면으로 진입한다. 2. 별도 조작 없이 대기한다.,init 시점에 자동으로 fetch가 호출되어 로딩 후 본문(툴바/사진/요약/탭/히스토리/법원정보)이 렌더된다.,정상,P0,,
FE-AD-003,경매상세,경매상세 진입/로딩,성공 렌더,데이터 로드 성공 시 전체 섹션이 순서대로 표시,정상 응답되는 auctionID,1. 상세 진입 후 로딩 완료를 기다린다. 2. 위에서 아래로 스크롤하며 섹션을 확인한다.,툴바 → 사진 페이저 → 요약정보 → 경매정보/권리분석 탭 → 경매 히스토리 → 법원정보 순으로 표시되고 섹션 사이 divider가 보인다.,정상,P0,,
FE-AD-004,경매상세,경매상세 진입/로딩,에러 상태,상세 데이터 로드 실패 시 에러 알럿 노출,서버 오류 또는 잘못된 auctionID로 fetch 실패 유도,1. fetch가 실패하도록 한 뒤 상세에 진입한다. 2. 알럿을 확인한다.,"화면에 에러 alert가 표시되고, 본문은 로딩(ProgressView) 또는 비어있는 상태로 남는다.",예외,P0,,에러 메시지 문구 정확성은 데이터파트 연계
FE-AD-005,경매상세,경매상세 진입/로딩,네트워크 끊김,네트워크 단절 시 로딩 지속 또는 에러 처리,기기 네트워크 OFF,1. 비행기모드 등으로 네트워크를 끊는다. 2. 상세에 진입한다.,"무한 로딩에 빠지지 않고, 응답 실패 시 에러 alert가 노출된다.",예외,P1,,
FE-AD-008,경매상세,상단 툴바,뒤로가기,뒤로가기 버튼 탭 시 이전 화면으로 복귀,상세 화면 진입 상태,1. 좌상단 화살표(뒤로) 버튼을 탭한다.,dismiss가 호출되어 직전 화면으로 pop/dismiss 된다.,정상,P0,,
FE-AD-010,경매상세,상단 툴바,공유 진입,공유 버튼 탭 시 공유 바텀시트 표시,상세 진입 상태,1. 우상단 공유 아이콘을 탭한다.,하단에서 공유 바텀시트(공유하기)가 올라온다.,정상,P1,,
FE-AD-011,경매상세,공유 바텀시트,시트 렌더,공유 바텀시트 옵션 표시,공유 버튼 탭으로 시트 열림,1. 공유 바텀시트를 연다. 2. 항목을 확인한다.,"'공유하기' 제목과 '링크로 직접 공유하기', '카카오톡으로 공유하기' 두 행이 아이콘과 함께 표시된다.",정상,P1,,
FE-AD-012,경매상세,공유 바텀시트,링크 공유,링크로 공유 선택 시 시스템 공유시트 노출,공유 바텀시트 열림,1. '링크로 직접 공유하기'를 탭한다. 2. 바텀시트가 닫히는지 관찰한다.,바텀시트가 먼저 닫힌 뒤 시스템 액티비티 공유시트(주소+사건번호 텍스트 포함)가 단독으로 노출된다.,정상,P1,,
FE-AD-014,경매상세,공유 바텀시트,카카오 공유,카카오톡 미설치 시 Safari 폴백,"카카오톡 미설치, 공유 시트 열림",1. '카카오톡으로 공유하기'를 탭한다.,카카오톡 앱 대신 Safari(웹 공유 URL)로 폴백 동작한다.,예외,P1,,
FE-AD-019,경매상세,사진 페이저,빈 데이터,사진 0건일 때 페이저 영역 처리,salesPictures 빈 배열,1. 사진이 없는 매물 상세에 진입한다. 2. 사진 영역을 확인한다.,페이저 영역이 빈 상태(또는 placeholder)로 표시되고 크래시 없이 아래 섹션이 정상 노출된다.,경계,P1,,
FE-AD-020,경매상세,사진 페이저,갤러리 진입,사진 탭 시 풀스크린 갤러리 진입,사진 1장 이상,1. 페이저의 사진을 탭한다.,탭한 사진 index부터 시작하는 풀스크린 갤러리(fullScreenCover)가 검은 배경으로 열린다.,정상,P1,,
FE-AD-028,경매상세,요약정보-타이틀/관심,사건번호 복사,사건번호 탭 시 클립보드 복사,상세 진입 상태,1. 요약정보의 사건번호(복사 아이콘 포함) 영역을 탭한다. 2. 다른 입력란에 붙여넣기 한다.,사건번호 문자열이 클립보드에 복사되어 붙여넣기 된다.,정상,P1,,
FE-AD-030,경매상세,요약정보-타이틀/관심,관심(찜) 토글 ON,미찜 상태에서 하트 탭 시 찜 등록,"로그인 상태, 미찜 매물",1. 빈 하트를 탭한다.,하트가 채워지고(critical 색) 카운트가 1 증가한다.,정상,P0,,
FE-AD-031,경매상세,요약정보-타이틀/관심,관심(찜) 토글 OFF,찜 상태에서 하트 탭 시 찜 해제,"로그인 상태, 이미 찜한 매물",1. 채워진 하트를 탭한다.,하트가 빈 상태가 되고 카운트가 1 감소(최소 0)한다.,정상,P0,,
FE-AD-032,경매상세,요약정보-타이틀/관심,관심(찜) 로딩,찜 처리 중 로딩 표시 및 버튼 비활성화,찜 요청 응답 지연,1. 하트를 탭한다. 2. 처리 중 빠르게 다시 탭을 시도한다.,하트 자리에 ProgressView가 표시되고 버튼이 disabled되어 중복 요청이 막힌다.,경계,P1,,
FE-AD-033,경매상세,요약정보-타이틀/관심,관심(찜) 실패 롤백,찜 요청 실패 시 이전 상태로 롤백 및 알럿,찜 API 실패 유도,1. 하트를 탭한다. 2. 요청이 실패하도록 한다.,하트 상태와 카운트가 탭 이전 값으로 되돌아가고 에러 alert가 표시된다.,예외,P1,,
FE-AD-040,경매상세,경매정보/권리분석 탭,탭 기본 선택,진입 시 경매정보 탭이 기본 선택,상세 진입 상태,1. 탭 영역을 확인한다.,'경매정보' 탭이 기본 선택되어 한눈에보기 카드가 노출된다.,정상,P1,,
FE-AD-044,경매상세,경매정보/권리분석 탭,임차인 칩 선택,임차인 칩 선택 시 상세카드 갱신,권리분석 임차인 2명 이상,1. 권리분석 탭에서 두 번째 임차인 칩을 탭한다.,"선택 칩에 checkmark 표시, 하단 상세카드(대항력/전입신고일/보증금 등)가 선택 임차인 정보로 갱신된다.",정상,P1,,
FE-AD-048,경매상세,경매 히스토리,접힘/펼침,기본 접힘 상태에서 최신 1건만 노출,히스토리 2건 이상,1. 히스토리 섹션을 확인한다.,기본적으로 최신 1건만 보이고 하단에 그라데이션 페이드와 펼치기(아래 화살표) 버튼이 표시된다.,정상,P1,,
FE-AD-059,경매상세,법원정보/지도,지도 프리뷰,좌표 확보 시 지도 미리보기 표시,유효 좌표 확보,1. 법원정보 섹션의 지도 영역을 확인한다.,높이 120의 지도 미리보기가 모서리 라운드로 표시된다.,정상,P1,,
FE-AD-060,경매상세,법원정보/지도,전체 지도,지도 프리뷰 탭 시 풀스크린 지도 진입,유효 좌표 확보,1. 지도 미리보기를 탭한다.,풀스크린(fullScreenCover) 지도가 좌표 기준으로 열린다.,정상,P1,,
FE-SC-001,검색,검색 네비게이션바,검색 입력창,검색 화면 최초 진입 시 placeholder가 표시된다,"검색 화면 진입, 검색어 미입력",1. 검색 화면에 진입한다 2. 상단 입력창을 확인한다,"입력창이 비어 있고 placeholder1, placeholder2가 콤마로 연결되어 회색 텍스트로 노출된다",정상,P1,,
FE-SC-002,검색,검색 네비게이션바,닫기,닫기 버튼 탭 시 루트로 이동한다,검색 화면 진입,1. 우측 상단 '닫기' 버튼을 탭한다,coordinator.popToRoot가 실행되어 루트 화면으로 빠져나간다,정상,P0,,
FE-SC-003,검색,검색 네비게이션바,뒤로가기,좌측 화살표 버튼 탭 시 이전 화면으로 pop한다,검색 화면 진입,1. 좌측 상단 화살표 버튼을 탭한다,coordinator.pop이 실행되어 직전 화면으로 돌아간다,정상,P0,,
FE-SC-004,검색,검색 네비게이션바,검색 실행,검색어 입력 후 키보드 검색 시 검색이 실행된다,검색어 한 글자 이상 입력,1. 입력창에 검색어를 입력한다 2. 키보드의 검색(.search) 버튼을 탭한다,화면이 검색결과(userSearched)로 전환되고 로딩 후 결과 리스트가 표시된다,정상,P0,,
FE-SC-005,검색,검색 네비게이션바,입력 중 화면전환,텍스트 입력을 시작하면 추천검색 화면으로 전환된다,검색어 빈 상태(최근검색어 화면),1. 입력창에 한 글자를 입력한다,화면이 추천검색(recommandSearching)으로 전환되며 기존 필터/결과가 초기화되고 본문은 빈 영역(EmptyView)으로 렌더링된다,정상,P1,,추천검색 영역은 코드상 EmptyView로 비어 있음
FE-SC-006,검색,검색 네비게이션바,입력 중 화면전환,입력 텍스트를 모두 지우면 최근검색어 화면으로 복귀한다,검색어가 입력되어 있는 상태,1. 입력 텍스트를 전부 삭제해 빈 문자열로 만든다,화면이 최근검색어(latestSearchedText)로 복귀하고 최근검색어 목록이 표시된다,경계,P1,,
FE-SC-010,검색,최근검색어,목록 표시,저장된 최근검색어가 있으면 목록이 표시된다,로컬에 저장된 최근검색어 존재,1. 검색 화면에 진입한다(입력 없음),"'최근 검색어' 헤더와 '전체삭제' 버튼, 각 항목(시계 아이콘+텍스트+X 버튼)이 표시된다",정상,P1,,
FE-SC-012,검색,최근검색어,항목 탭,최근검색어 항목 탭 시 해당 검색어로 검색된다,최근검색어 목록 존재,1. 최근검색어 항목 텍스트를 탭한다,입력창이 해당 검색어로 채워지고 검색이 실행되어 결과 화면이 표시된다,정상,P0,,
FE-SC-018,검색,검색결과리스트,로딩 상태,검색 실행 시 로딩 인디케이터가 표시된다,검색어 입력,1. 검색을 실행한다,로딩 오버레이(.loading)가 표시되고 응답 수신 후 사라지며 결과가 렌더링된다,정상,P0,,
FE-SC-019,검색,검색결과리스트,결과 표시,검색 결과가 있으면 매물 리스트가 표시된다,결과가 존재하는 검색어,1. 결과가 있는 검색어로 검색한다,세로 ScrollView에 매물 셀 목록이 표시된다,정상,P0,,
FE-SC-020,검색,검색결과리스트,빈 결과,결과 0건이고 필터 미적용 시 검색결과 없음 뷰가 표시된다,"검색 결과 0건, 필터 미적용",1. 결과가 없는 검색어로 검색한다,'검색 결과가 없어요' + '검색어를 한 글자 이상 작성해주세요' 문구와 infoLine 아이콘이 표시된다,예외,P0,,
FE-SC-022,검색,검색결과리스트,에러 처리,검색 중 네트워크/서버 에러 시 alert가 표시된다,네트워크 끊김 또는 서버 에러 상황,1. 검색을 실행한다,에러 alert가 노출되고 로딩이 종료된다,예외,P0,,데이터파트 연계(에러 응답)
FE-SC-024,검색,검색결과리스트,상세 이동,매물 셀 탭 시 경매 상세 화면으로 이동한다,검색 결과 리스트 표시,1. 임의의 매물 셀을 탭한다,coordinator.push(.auctionDetail)로 해당 매물 상세 화면으로 이동한다,정상,P0,,
FE-SC-036,검색,검색 필터바,건물용도 시트 열기,건물용도 칩 탭 시 건물용도 필터 바텀시트가 열린다,검색결과 화면 표시,1. '건물용도' 칩을 탭한다,건물용도 필터 바텀시트(dynamicSheet)가 표시된다,정상,P0,,
FE-SC-037,검색,검색 필터바,경매상태 시트 열기,경매상태 칩 탭 시 경매상태 필터 바텀시트가 열린다,검색결과 화면 표시,1. '경매상태' 칩을 탭한다,경매상태 필터 바텀시트가 표시된다,정상,P0,,
FE-SC-038,검색,검색 필터바,가격 시트 열기,가격 칩 탭 시 가격 필터 바텀시트가 열린다,검색결과 화면 표시,1. '가격' 칩을 탭한다,가격 필터 바텀시트가 표시된다,정상,P0,,
FE-SC-039,검색,검색 필터바,시트 닫힘 재로드,필터 시트를 닫으면 결과가 재로드된다,필터 시트가 열려 있음,1. 필터 시트에서 값을 변경한다 2. 시트를 아래로 스와이프해 닫는다,onDismiss로 refreshData가 호출되어 결과 리스트가 재로드된다,정상,P1,,
FE-SC-046,검색,정렬 바텀시트,정렬 선택,정렬 옵션 선택 시 재로드 후 시트가 닫힌다,정렬 시트 열림,1. 임의의 정렬 옵션을 탭한다,선택한 정렬로 결과가 재로드되고 시트가 닫힌다,정상,P0,,
FE-MP-001,지도,물건 위치 지도 미리보기,미리보기 렌더링,좌표 정상 시 물건 위치 미리보기 지도와 중심 핀이 표시된다,"경매 상세 진입, mapCoordinate 존재(not nil), 로딩 완료",1. 경매 상세 화면 진입 2. '물건 위치' 섹션까지 스크롤 3. 미리보기 영역 확인,"높이 120pt, 모서리 라운드(12) 클리핑된 지도 미리보기가 렌더되고, 물건 좌표 중심에 핀(Place 이미지, 핀 바닥이 좌표에 닿게) 표시",정상,P1,,mapCoordinate는 AuctionDetail에서 주입(데이터파트 연계)
FE-MP-002,지도,물건 위치 지도 미리보기,로딩 상태,좌표 조회 중에는 로딩 인디케이터와 안내 문구가 표시된다,isLoadingMapCoordinate=true (좌표 조회 진행 중),1. 경매 상세 진입 직후 '물건 위치' 섹션 확인,"회색 라운드 박스 안에 ProgressView와 '위치 정보를 불러오는 중이에요' 문구 표시, 지도/핀 미렌더",경계,P1,,placeholder는 AuctionDetailCourtInfoView 소속
FE-MP-003,지도,물건 위치 지도 미리보기,빈 상태,좌표가 없으면 '표시할 위치 정보를 찾지 못했어요' 안내가 표시된다,"mapCoordinate=nil, isLoadingMapCoordinate=false",1. 좌표 없는 매물의 경매 상세 진입 2. '물건 위치' 섹션 확인,"회색 라운드 박스에 '표시할 위치 정보를 찾지 못했어요' 안내만 표시, 지도/핀/ProgressView 미표시",예외,P1,,좌표 nil 여부는 데이터파트 연계
FE-MP-004,지도,물건 위치 지도 미리보기,전체지도 열기,미리보기 지도를 탭하면 전체화면 지도가 열린다,mapCoordinate 존재(미리보기가 버튼으로 렌더됨),1. '물건 위치' 미리보기 지도 탭,fullScreenCover로 전체 지도가 ignoresSafeArea로 표시되고 우상단에 닫기(X) 버튼 노출,정상,P0,,
FE-MP-006,지도,전체화면 지도,지도 진입 렌더링,전체지도 진입 시 물건 좌표 중심 지도와 중심 핀이 표시된다,미리보기 탭으로 전체지도(fullScreenCover) 진입,1. 미리보기 탭 2. 전체 지도 로딩 대기 3. 화면 확인,"물건 좌표를 중심으로 지도 표시, Place 중심 핀 노출, onAppear로 setDrawMap(true) 호출되어 지도 draw 시작",정상,P0,,
FE-MP-007,지도,전체화면 지도,카메라 첫 중심 이동,진입 후 약 0.5초 뒤 카메라가 물건 좌표로 이동한다,전체지도 진입,1. 전체지도 진입 2. 진입 직후~0.5초 사이 화면 관찰,updateUIView의 0.5초 딜레이 후 엔진 activate 및 setCameraFirst로 카메라가 물건 좌표로 이동. 진입 직후 짧은 빈 지도(타일) 가능하나 곧 중심 이동,경계,P1,,0.5초 타이밍 딜레이 코드 존재(updateUIView)
FE-MP-009,지도,전체화면 지도,지도 닫기,우상단 닫기(X) 버튼을 탭하면 전체지도가 닫힌다,전체지도(fullScreenCover) 표시 중,1. 우상단 닫기(X) 버튼 탭,fullScreenCover가 dismiss되고 경매 상세 '물건 위치' 섹션으로 복귀,정상,P0,,
FE-MP-011,지도,전체화면 지도,엔진 비활성,전체지도 이탈 시 지도 엔진이 비활성화된다,전체지도 표시 중,1. 닫기 버튼으로 전체지도 닫기 2. 복귀 후 동작 관찰,"onDisappear에서 setDrawMap(false) 호출되어 엔진 reset, 백그라운드 리소스 정리, 화면 멈춤 없음",정상,P1,,
FE-MP-013,지도,전체화면 지도,지도 제스처,전체지도에서 팬/핀치 줌 제스처로 지도가 이동·확대축소된다,전체지도 표시 중,1. 지도를 드래그(팬) 2. 핀치로 확대/축소,"제스처에 따라 지도가 이동·확대축소되고 cameraCenterLocation 바인딩이 갱신됨, 끊김/멈춤 없음",정상,P1,,좌표 값 정확성이 아닌 제스처 UI 동작만 검증
FE-MP-019,지도,위치 권한,권한 거부 영향 없음,위치 권한 거부 상태에서도 물건 위치 지도가 정상 표시된다,시스템 위치 권한 '거부' 상태,1. 위치 권한 거부 설정 2. 경매 상세 진입 3. 미리보기/전체지도 확인,물건 좌표 기반 지도/핀이 정상 표시되며 위치 권한 알럿이나 '내 위치' UI는 노출되지 않음,예외,P1,,"MapStore에 권한/거부 알럿 로직(checkUserAuthorization, isShowDeniedLocationAlert) 존재하나 현재 MapContentView에 미연결"
FE-IN-001,관심,관심 매물 리스트,초기 로딩,관심 탭 첫 진입 시 onLoad로 관심 매물 목록을 로드하고 로딩 애니메이션을 표시한다,"로그인 상태, 관심 매물 1건 이상 존재",1. 앱에서 관심 탭으로 진입한다 2. 진입 직후 전체화면 로딩(Lottie) 표시를 확인한다 3. 로드 완료 후 리스트를 확인한다,진입 시 전체화면 로딩 애니메이션이 표시되고 로드 완료 후 관심 매물 리스트가 렌더링된다,정상,P0,,
FE-IN-002,관심,관심 매물 리스트,초기 로딩,onLoad는 1회만 실행되어 상세 진입 후 복귀 시 재로딩되지 않는다,"관심 리스트 로드 완료, 스크롤을 일부 내린 상태",1. 매물 셀을 탭해 상세로 진입한다 2. 뒤로가기로 관심 리스트로 복귀한다 3. 로딩/리스트 상태를 확인한다,로딩 애니메이션이 다시 뜨지 않고 기존 리스트와 스크롤 위치가 그대로 유지된다(onLoad 1회 only),경계,P1,,ViewDidLoadModifier의 didLoad 플래그로 1회만 실행됨
FE-IN-003,관심,관심 매물 리스트,목록 표시,관심 매물이 있을 때 LazyVStack으로 매물 셀 목록을 표시한다,"로그인 상태, 관심 매물 여러 건 존재",1. 관심 탭에 진입한다 2. 로드 완료 후 리스트를 확인한다,관심 매물 셀들이 세로 스크롤 리스트로 정상 렌더링된다,정상,P0,,
FE-IN-004,관심,관심 매물 리스트,빈 상태,관심 매물이 0건이면 빈 상태 이미지와 안내 문구를 표시한다,"로그인 상태, 관심 매물 없음(0건)",1. 관심 탭에 진입한다 2. 로드 완료 후 화면을 확인한다,dot3Circle 이미지와 '관심 매물 없음'(interestViewNone) 문구가 표시되고 리스트/페이징 progress는 노출되지 않는다,예외,P1,,
FE-IN-005,관심,관심 매물 리스트,빈 상태 전환,마지막 남은 관심 매물을 찜 해제하면 빈 상태 화면으로 전환된다,관심 매물이 정확히 1건 존재,1. 유일한 매물 셀의 하트 아이콘을 탭해 찜 해제한다 2. 화면을 확인한다,해당 셀이 제거되고 즉시 빈 상태(이미지+문구) 화면으로 전환된다,경계,P1,,
FE-IN-008,관심,관심 매물 리스트,무한 스크롤,마지막 셀에 도달하면 다음 페이지를 자동 로드한다,관심 매물 20건 초과(다음 cursor 존재),1. 리스트를 마지막 셀까지 스크롤한다 2. 하단 ProgressView를 확인한다 3. 추가 항목이 붙는지 확인한다,마지막 셀 onAppear 시 다음 페이지가 로드되어 하단 ProgressView 표시 후 항목이 이어 붙는다,정상,P1,,
FE-IN-012,관심,관심 매물 리스트,당겨서 새로고침,리스트를 아래로 당기면 페이지네이션을 리셋하고 첫 페이지를 재로드한다,"로그인 상태, 리스트 표시 상태",1. 리스트 상단에서 아래로 당긴다 2. 새로고침 인디케이터를 확인한다 3. 갱신된 리스트를 확인한다,새로고침 인디케이터 표시 후 페이지네이션이 리셋되고 첫 페이지가 다시 로드되어 리스트가 갱신된다,정상,P1,,refreshable → resetPagination + loadInterest
FE-IN-014,관심,관심 매물 리스트,찜 해제,매물 셀의 하트 버튼을 탭하면 관심이 해제되고 셀이 즉시 리스트에서 제거된다,"로그인 상태, 관심 매물 2건 이상",1. 특정 매물 셀의 하트 아이콘을 탭한다 2. 리스트를 확인한다,해당 매물 셀이 리스트에서 즉시 제거되고 다른 화면 동기화를 위한 알림이 발행된다,정상,P0,,
FE-IN-015,관심,관심 매물 리스트,찜 해제,하트 버튼 탭 시 셀 전체의 상세 진입 액션이 동시에 트리거되지 않는다(중첩 버튼 충돌),관심 매물 존재,1. 매물 셀 내부의 하트 아이콘을 정확히 탭한다 2. 화면 전환 여부를 확인한다,찜 해제만 동작하고 경매 상세 화면으로 push되지 않는다,경계,P1,,셀 Button 안에 하트 Button 중첩 — hit-test 충돌 가능성 검증
FE-IN-018,관심,관심 매물 리스트,상세 진입,매물 셀(하트 외 영역)을 탭하면 경매 상세 화면으로 이동한다,관심 매물 존재,1. 매물 셀의 이미지/텍스트 영역을 탭한다 2. 화면 전환을 확인한다,coordinator.push로 해당 매물의 경매 상세 화면으로 진입한다,정상,P0,,
FE-IN-020,관심,관심 매물 리스트,외부 찜 동기화,상세 화면에서 동일 매물을 찜 해제 후 복귀하면 리스트에서 자동 제거된다,"리스트에 매물 존재, 해당 매물 상세 진입",1. 매물 셀을 탭해 상세로 진입한다 2. 상세에서 찜을 해제한다 3. 뒤로가기로 관심 리스트로 복귀한다,.auctionZzimDidChange 수신(isZzimed=false)으로 해당 매물이 리스트에서 제거된 상태로 표시된다,정상,P1,,handleZzimChange는 isZzimed=false일 때만 제거
FE-IN-024,관심,관심 매물 셀,배지 표시,매각 완료 매물은 '매각' 배지가 회색으로 표시된다,isSoldOut=true인 매물,1. 매각 완료 매물 셀의 이미지 좌상단 배지를 확인한다,'매각' 텍스트 배지가 neutralSubtler 배경으로 표시된다,정상,P1,,
FE-IN-035,관심,관심 매물 리스트,비로그인,비로그인 상태로 관심 화면에 진입하면 목록 로드가 실패한다,로그아웃/비로그인 상태,1. 비로그인 상태로 관심 탭에 진입한다 2. 화면을 확인한다,인증 실패로 로드되지 못하고 에러 UI 없이 빈 상태 화면이 표시된다,예외,P1,,View 내 로그인 분기 없음 — 인증/데이터파트 연계 확인 필요
FE-MY-001,마이페이지,마이페이지 메인,프로필 로딩,진입 시 사용자 프로필을 조회해 이름과 가입 경로를 표시한다,"로그인 상태, 정상 네트워크",1. 하단 탭 등으로 마이페이지 진입 2. .task 의 fetchProfile 완료 대기,사용자 이름(titleLargeBold)과 'OO로 로그인' 문구 및 provider 아이콘이 정상 노출된다,정상,P0,,값 정확성은 데이터파트 연계
FE-MY-003,마이페이지,마이페이지 메인,프로필 로딩,프로필 조회 실패 시 에러 alert 가 노출된다,서버 에러 또는 네트워크 끊김,1. 네트워크 차단 또는 서버 5xx 상태로 설정 2. 마이페이지 진입 3. fetchProfile 실패 유도,alert(error:) 로 에러 다이얼로그가 표시된다,예외,P1,,
FE-MY-006,마이페이지,마이페이지 메인,네비게이션,우상단 설정 아이콘 탭 시 설정 화면으로 push 된다,마이페이지 진입 상태,1. 우상단 설정 아이콘 버튼 탭,setting(.settingList) 라우트로 push 되어 설정 화면이 표시된다,정상,P0,,
FE-MY-007,마이페이지,마이페이지 메인,메뉴 탭,'최근 본 매물' 메뉴 탭 시 최근 본 매물 리스트로 push 된다,마이페이지 진입 상태,1. '최근 본 매물' 메뉴 항목 탭,recentViewList(.recentViewedList) 라우트로 push 되어 최근 본 매물 화면이 표시된다,정상,P0,,
FE-MY-008,마이페이지,마이페이지 메인,메뉴 탭,'채팅/문의' 메뉴 탭 시 메일 작성 화면이 열린다,기기에 메일 계정/앱 설정됨,1. '채팅' 메뉴 항목 탭 2. openMail 호출 확인,수신자/제목/본문이 채워진 메일 작성 화면이 열린다,정상,P1,,
FE-MY-014,마이페이지,알림 설정,화면 진입,알림 설정 진입 시 토글이 기본 OFF 로 표시된다,알림 설정 화면 첫 진입,1. 설정에서 알림 설정 화면 진입 2. 토글 초기 상태 확인,제목/설명 텍스트와 함께 토글이 OFF 상태로 표시된다,정상,P1,,"@State 기본 false, 실제 시스템 권한과 미동기화 가능"
FE-MY-017,마이페이지,알림 설정,네비게이션,뒤로가기 버튼 탭 시 이전 화면으로 pop 된다,알림 설정 진입 상태,1. 좌상단 뒤로가기(arrowLeft) 버튼 탭,coordinator.pop 으로 이전(설정) 화면으로 돌아간다,정상,P0,,
FE-MY-021,마이페이지,최근 본 매물,리스트 로딩,진입 시 onLoad 로 최근 본 매물 리스트를 조회하고 로딩 인디케이터를 표시한다,"로그인 상태, 정상 네트워크",1. 마이페이지에서 '최근 본 매물' 진입 2. onLoad 의 loadRecentViewList 실행,isLoading 동안 .loading 인디케이터가 표시된 후 리스트로 전환된다,정상,P0,,
FE-MY-022,마이페이지,최근 본 매물,리스트 표시,최근 본 매물 데이터가 있을 때 셀 리스트가 렌더링된다,최근 본 매물 1건 이상 존재,1. 최근 본 매물 진입 2. 리스트 로드 완료 대기,LazyVStack 으로 매물 셀들이 스크롤 가능한 리스트로 표시된다,정상,P0,,
FE-MY-023,마이페이지,최근 본 매물,빈 상태,최근 본 매물이 0건일 때 빈 상태 뷰가 표시된다,최근 본 매물 내역 없음,1. 최근 본 매물 진입 2. 빈 응답 수신,dot3Circle 이미지와 '최근 본 매물 없음' 안내 문구가 표시된다,경계,P0,,
FE-MY-026,마이페이지,최근 본 매물,네비게이션,매물 셀 탭 시 경매 상세 화면으로 push 된다,최근 본 매물 1건 이상,1. 임의의 매물 셀 탭,auctionDetail(auctionID:item.id) 라우트로 push 되어 상세 화면이 열린다,정상,P0,,
FE-MY-027,마이페이지,최근 본 매물,관심(찜) 토글,미찜 상태에서 하트 탭 시 찜 추가되고 UI 가 갱신된다,isZzim=false 인 매물,1. 셀 내 하트 버튼 탭,"addInterest 호출 후 하트가 critical(빨강) 색으로, 찜 카운트가 +1 로 갱신된다",정상,P0,,
FE-MY-032,마이페이지,최근 본 매물,찜 상태 동기화,다른 화면에서 찜 변경 후 복귀 시 리스트 찜 상태가 동기화된다,상세 등 다른 화면에서 동일 매물 찜 변경,1. 셀 탭하여 상세 진입 2. 상세에서 찜 토글 3. 뒤로 돌아와 리스트 확인,onReceive 의 syncZzimState 로 해당 셀 하트/카운트가 변경 내용과 일치하게 갱신된다,정상,P1,,
FE-ST-001,설정,설정 메인,화면 렌더링,설정 메인 진입 시 메뉴 목록과 하단 정보가 정상 표시된다,로그인 상태에서 설정 화면 진입,1. 설정 화면에 진입한다 2. 상단 네비게이션 바 타이틀(설정)을 확인한다 3. 약관 및 정책 / 로그아웃 / 회원탈퇴 메뉴 3개가 순서대로 노출되는지 확인한다 4. 하단 앱 버전 텍스트와 오픈소스 라이선스 텍스트가 노출되는지 확인한다,"네비게이션 바, 메뉴 3개, 앱 버전, 오픈소스 라이선스 텍스트가 모두 정상 렌더링된다",정상,P0,,
FE-ST-002,설정,설정 메인,네비게이션 - 뒤로가기,네비게이션 바 좌측 화살표 탭 시 이전 화면으로 pop 된다,이전 화면에서 설정 화면으로 진입한 상태,1. 설정 화면 상단 좌측 화살표(arrowLeft) 버튼을 탭한다 2. 화면 전환을 확인한다,이전 화면으로 pop 되어 돌아간다,정상,P0,,
FE-ST-003,설정,설정 메인,약관 및 정책 진입,약관 및 정책 메뉴 탭 시 약관 목록 화면으로 push 된다,설정 화면 표시 상태,1. 약관 및 정책 메뉴 셀을 탭한다 2. 화면 전환을 확인한다,약관 및 정책 목록 화면으로 push 이동한다,정상,P0,,
FE-ST-004,설정,설정 메인,로그아웃,로그아웃 메뉴 탭 시 확인/취소 알럿이 노출된다,설정 화면 표시 상태,1. 로그아웃 메뉴 셀을 탭한다 2. 알럿 노출을 확인한다,로그아웃 확인 문구와 예/아니오 버튼을 가진 cancellable 알럿이 표시된다,정상,P0,,
FE-ST-005,설정,설정 메인,로그아웃,로그아웃 알럿에서 '예' 선택 시 토큰이 제거되고 루트로 이동한다,로그아웃 알럿이 떠 있는 상태,1. 알럿에서 예(확인) 버튼을 탭한다 2. 화면 전환을 확인한다,액세스 토큰이 제거되고 popToRoot로 최상위 화면(로그인/홈)으로 이동한다,정상,P0,,토큰 제거 자체의 정확성은 데이터파트 연계
FE-ST-006,설정,설정 메인,로그아웃,로그아웃 알럿에서 '아니오' 선택 시 알럿이 닫히고 화면이 유지된다,로그아웃 알럿이 떠 있는 상태,1. 알럿에서 아니오(취소) 버튼을 탭한다 2. 화면 상태를 확인한다,알럿이 닫히고 설정 화면이 그대로 유지되며 로그인 상태가 변하지 않는다,예외,P1,,
FE-ST-007,설정,설정 메인,회원탈퇴 진입,회원탈퇴 메뉴 탭 시 회원탈퇴 화면으로 push 된다,설정 화면 표시 상태,1. 회원탈퇴 메뉴 셀을 탭한다 2. 화면 전환을 확인한다,회원탈퇴 화면으로 push 이동한다,정상,P0,,
FE-ST-009,설정,설정 메인,업데이트 라벨 노출,최신 버전이 현재 버전보다 높을 때 업데이트 라벨이 노출된다,configService.latestVersion이 번들 버전보다 높은 상태,1. 설정 화면 하단 버전 영역을 확인한다,앱 버전 옆에 밑줄 처리된 '업데이트' 텍스트가 노출된다,경계,P1,,버전 비교 결과는 데이터파트 연계
FE-ST-012,설정,설정 메인,오픈소스 라이선스 진입,오픈소스 라이선스 텍스트 탭 시 라이선스 화면으로 push 된다,설정 화면 표시 상태,1. 하단 밑줄 처리된 '오픈소스 라이선스' 텍스트를 탭한다 2. 화면 전환을 확인한다,오픈소스 라이선스 화면으로 push 이동한다,정상,P1,,
FE-ST-016,설정,회원탈퇴,화면 렌더링,"회원탈퇴 화면 진입 시 안내 문구와 체크박스, 탈퇴 버튼이 표시된다",로그인 상태에서 회원탈퇴 화면 진입,"1. 회원탈퇴 화면에 진입한다 2. 타이틀, 안내 불릿 2개, 동의 체크박스, 탈퇴하기 버튼을 확인한다",모든 요소가 정상 렌더링되고 탈퇴하기 버튼은 비활성 상태로 표시된다,정상,P0,,
FE-ST-018,설정,회원탈퇴,동의 체크 토글,체크박스 탭 시 체크 상태가 토글되고 애니메이션으로 아이콘이 전환된다,"회원탈퇴 화면 표시, 체크 해제 상태",1. 체크박스 영역(Label)을 탭한다 2. 아이콘 전환 애니메이션을 확인한다,isChecked가 true로 토글되어 successBlue 아이콘으로 부드럽게 전환되고 탈퇴 버튼이 활성화된다,정상,P0,,
FE-ST-019,설정,회원탈퇴,버튼 활성 게이팅,체크 해제 상태에서 탈퇴하기 버튼은 탭해도 동작하지 않는다,"회원탈퇴 화면, 체크 해제 상태",1. 체크하지 않은 채로 탈퇴하기 버튼을 탭한다 2. 동작 여부를 확인한다,버튼이 disabled 이므로 탭에 반응하지 않고 signOut이 호출되지 않는다,경계,P0,,
FE-ST-020,설정,회원탈퇴,회원탈퇴 실행,체크 후 탈퇴하기 버튼 탭 시 회원탈퇴가 실행된다,"회원탈퇴 화면, 체크 완료 상태, 정상 네트워크",1. 동의 체크박스를 체크한다 2. 활성화된 탈퇴하기 버튼을 탭한다 3. 처리 결과를 확인한다,signOut API 호출이 트리거된다,정상,P0,,성공 후 화면 전환/완료 피드백이 코드상 없음 - 기획 확인 필요
FE-ST-029,설정,약관 및 정책 목록,화면 렌더링,약관 목록 진입 시 3개 항목이 표시된다,설정 화면에서 약관 및 정책 진입,1. 약관 목록 화면에 진입한다 2. 회원약관/개인정보처리방침/서비스운영정책 항목을 확인한다,3개 메뉴 항목과 우측 화살표 아이콘이 정상 표시된다,정상,P1,,
FE-CM-002,댓글,Comment 모듈(미구현 스캐폴드),모듈 구현 여부 확인,Comment 모듈에 구현된 View/기능이 없음을 확인한다 (QA 불가 상태),Projects/Feature/Comment/Sources 소스 트리 접근 가능,1. Projects/Feature/Comment/Sources/tmp.swift 를 확인한다 2. View/ViewModel/Store/Coordinator/Route 파일 존재 여부를 확인한다 3. 화면 진입 동선이 있는지 확인한다,Sources/tmp.swift 등 모든 소스가 빈 placeholder 이며 화면/버튼/리스트/입력/네비게이션 등 검증 대상 동작이 존재하지 않아 프론트 QA를 진행할 수 없음을 확인한다,예외,P0,,Comment 모듈은 Tuist 미구현 스캐폴드(Sources/Resources/Tests 의 tmp.swift 모두 빈 파일). 댓글 목록·작성·삭제·좋아요·대댓글 등 시나리오는 구현 후 재작성 필요. 추측 기반 시나리오 작성 금지 규칙에 따라 가상 기능은 도출하지 않음.
FE-RP-002,신고,신고 화면 (ReportView),ViewModel(ReportModelData) 생성,화면 진입 시 ReportModelData(@StateObject)가 정상 생성되고 크래시/프리즈가 없는지 확인,앱 실행 상태,1. 신고 화면으로 진입한다. 2. 화면이 정상적으로 표시되는지 확인한다.,ReportModelData가 초기화되며 진입 과정에서 크래시나 멈춤(프리즈)이 발생하지 않는다.,정상,P0,,ReportModelData는 현재 빈 ObservableObject로 발행 상태/네트워킹 없음
