"ID","대분류","중분류(화면)","소분류(기능)","시나리오","사전조건","테스트절차","기대결과","유형","우선순위","결과","비고"
"FE-ON-001","온보딩·권한","로그인","화면 진입/초기 렌더링","비로그인 상태에서 로그인 화면 진입 및 초기 UI 렌더링","비로그인 상태(토큰 없음)로 앱 실행","1. 앱을 비로그인 상태로 실행한다. 2. 온보딩 로그인 화면 진입을 확인한다.","중앙 로고(slugWithTitle) 이미지와 하단 소셜 로그인 버튼 영역이 정상 표시된다.","정상","P0","",""
"FE-ON-002","온보딩·권한","로그인","로그인 버튼 목록","소셜 로그인 버튼 4종이 정의된 순서대로 노출","로그인 화면 진입","1. 로그인 화면 하단 버튼 영역을 확인한다.","Apple로 로그인 / 구글로 로그인 / 카카오로 로그인 / 네이버로 로그인 버튼이 OauthProvider.allCases 순서(apple→google→kakao→naver)로 4개 모두 노출된다.","정상","P1","",""
"FE-ON-003","온보딩·권한","로그인","버튼 스타일 렌더링","각 소셜 버튼의 아이콘·라벨·배경색 렌더링 확인","로그인 화면 진입","1. 4개 버튼의 아이콘, 텍스트, 배경(검정/흰색+테두리/노랑/초록), 캡슐 형태를 확인한다.","Apple=검정, 구글=흰색+회색 테두리, 카카오=노랑, 네이버=초록 캡슐 버튼으로 각 브랜드 아이콘과 라벨이 정상 표시된다.","정상","P2","",""
"FE-ON-004","온보딩·권한","로그인","Apple 로그인","Apple 로그인 버튼 탭 시 Apple 인증 시트 표시","로그인 화면 진입","1. 'Apple로 로그인' 버튼을 탭한다.","시스템 Apple ID 인증 시트가 표시된다.","정상","P0","",""
"FE-ON-005","온보딩·권한","로그인","Apple 로그인","Apple 인증 성공 시 로딩 표시 후 다음 단계 전환","Apple 인증 시트 표시 상태","1. Apple ID로 인증을 완료한다. 2. 토큰 획득 후 서버 인증 진행을 관찰한다.","서버 인증 동안 전체화면 로딩이 노출되고, 성공 시 onComplete 콜백으로 다음 화면(권한/메인)으로 전환된다.","정상","P0","","서버 인증 응답값 정확성은 데이터파트 연계"
"FE-ON-006","온보딩·권한","로그인","Apple 로그인","Apple 인증 사용자 취소 시 화면 유지","Apple 인증 시트 표시 상태","1. Apple 인증 시트에서 취소(또는 시트 닫기)한다.","에러 알럿과 로딩이 표시되지 않고 로그인 화면이 그대로 유지된다.","예외","P1","","취소코드 1001은 continuation 미resume 처리"
"FE-ON-007","온보딩·권한","로그인","Apple 로그인","Apple identityToken 미수신 시 에러 알럿","로그인 화면 진입","1. Apple 인증은 완료되나 identityToken을 받지 못하는 상황을 만든다.","'에러' 제목의 확인 알럿이 노출되고 확인 시 닫히며 화면이 유지된다.","예외","P1","","noOauthToken 에러 표시 여부"
"FE-ON-008","온보딩·권한","로그인","Google 로그인","구글 로그인 버튼 탭 시 구글 로그인 진행","로그인 화면 진입","1. '구글로 로그인' 버튼을 탭한다.","구글 로그인 화면/시트가 표시된다.","정상","P0","",""
"FE-ON-009","온보딩·권한","로그인","Google 로그인","구글 인증 사용자 취소 시 화면 유지","구글 로그인 화면 표시 상태","1. 구글 로그인을 취소한다.","에러 알럿/로딩 없이 로그인 화면이 그대로 유지된다.","예외","P1","","취소코드 -5는 무시 처리"
"FE-ON-010","온보딩·권한","로그인","Google 로그인","최상위 윈도우 로드 실패 시 에러","로그인 화면 진입","1. presenting 윈도우를 얻지 못하는 비정상 상태에서 구글 로그인을 시도한다.","failToLoadTopWindow 에러 알럿이 노출된다.","예외","P2","",""
"FE-ON-011","온보딩·권한","로그인","Kakao 로그인","카카오톡 설치 여부에 따른 로그인 경로 분기","로그인 화면 진입","1. 카카오톡 설치 단말에서 '카카오로 로그인' 탭. 2. 카카오톡 미설치 단말에서 동일하게 탭.","설치 시 카카오톡 앱으로 전환되어 로그인, 미설치 시 카카오계정 웹 로그인 화면이 표시된다.","정상","P0","",""
"FE-ON-012","온보딩·권한","로그인","Kakao 로그인","카카오톡 앱 전환 후 딥링크로 앱 복귀 시 로그인 처리","카카오톡으로 전환되어 인증 완료","1. 카카오톡에서 인증을 완료한다. 2. 딥링크로 앱에 복귀한다.","앱으로 복귀하며 KakaoSignInHandler가 url을 처리하고 서버 인증이 이어진다.","정상","P1","",""
"FE-ON-013","온보딩·권한","로그인","Kakao 로그인","카카오톡 로그인 취소 시 에러 알럿 노출","카카오톡 로그인 진행 중","1. 카카오톡 로그인 동의 화면에서 취소한다.","카카오톡 경로 취소는 에러로 처리되어 '에러' 알럿이 노출된다(계정 로그인 경로와 동작 불일치 확인).","예외","P2","","kakaoTalkLogin 경로는 취소코드 필터 없음"
"FE-ON-014","온보딩·권한","로그인","Naver 로그인","네이버 로그인 버튼 탭 시 네이버 로그인 진행","로그인 화면 진입","1. '네이버로 로그인' 버튼을 탭한다.","네이버 로그인 화면/앱 전환이 진행된다.","정상","P0","",""
"FE-ON-015","온보딩·권한","로그인","Naver 로그인","네이버 로그인 후 딥링크로 앱 복귀 시 로그인 처리","네이버 인증 완료","1. 네이버에서 인증을 완료한다. 2. 딥링크로 앱에 복귀한다.","NidOAuthHandler가 url을 처리하고 서버 인증이 이어진다.","정상","P1","",""
"FE-ON-016","온보딩·권한","로그인","Naver 로그인","네이버 인증 사용자 취소 시 화면 유지","네이버 로그인 진행 중","1. 네이버 로그인을 취소한다.","에러 알럿/로딩 없이 로그인 화면이 유지된다.","예외","P1","","취소코드 0 무시 처리"
"FE-ON-017","온보딩·권한","로그인","로딩 상태","서버 인증 진행 중 전체화면 로딩 노출 및 종료 후 해제","OAuth 토큰 획득 완료","1. OAuth 인증 성공 후 서버 인증 단계를 관찰한다. 2. 응답(성공/실패)을 확인한다.","서버 인증 동안 로딩 인디케이터가 노출되고, 성공/실패 응답 후 로딩이 사라진다.","정상","P1","",""
"FE-ON-018","온보딩·권한","로그인","로딩 상태","로딩 표시 중 화면 이탈 시 로딩 숨김 처리","서버 인증 로딩 노출 중","1. 로딩 노출 중 화면을 이탈(onDisappear)시킨다.","onDisappear에서 로딩 뷰가 숨겨진다.","경계","P2","",""
"FE-ON-019","온보딩·권한","로그인","에러 처리","네트워크 끊김 상태에서 서버 인증 실패 시 에러 알럿","기내모드/네트워크 차단","1. 네트워크를 차단한다. 2. 소셜 로그인으로 OAuth 인증까지 성공시킨다. 3. 서버 인증 단계로 진입한다.","로딩 해제 후 '에러' 알럿이 노출되고 확인 시 닫히며 로그인 화면이 유지된다.","예외","P1","",""
"FE-ON-020","온보딩·권한","로그인","에러 처리","알 수 없는 에러 발생 시 알럿 노출","로그인 화면 진입","1. MercuryError가 아닌 일반 에러가 발생하는 상황을 만든다.","MercuryError(.unknown)로 변환되어 '에러' 알럿이 노출된다.","예외","P2","",""
"FE-ON-021","온보딩·권한","로그인","에러 처리","서버 인증 지연 시 로딩 장시간 유지 후 응답 반영","네트워크 지연 환경","1. 네트워크 지연 상태에서 로그인을 진행한다.","응답 전까지 로딩이 유지되고 응답 수신 시점에 로딩이 해제된다(무한 로딩 없음).","경계","P2","",""
"FE-ON-022","온보딩·권한","로그인","중복 탭/디바운스","로그인 버튼 빠른 중복 탭 시 중복 인증 방지","로그인 화면 진입","1. 동일 소셜 로그인 버튼을 빠르게 연속 탭한다.","인증 시트/요청이 중복 실행되지 않거나 정상적으로 한 흐름만 진행된다.","경계","P1","",""
"FE-ON-023","온보딩·권한","로그인","중복 탭/디바운스","로딩 중 다른 로그인 버튼 탭 동작","서버 인증 로딩 노출 중","1. 로딩 노출 중 다른 소셜 버튼을 탭한다.","로딩 오버레이로 인해 추가 인증이 차단되거나 충돌 없이 처리된다.","경계","P2","",""
"FE-ON-024","온보딩·권한","로그인","전환","외부 OAuth 앱 전환 중 백그라운드→포그라운드 복귀 시 상태 유지","카카오/네이버 외부 앱으로 전환된 상태","1. 외부 앱 전환 상태에서 앱을 백그라운드로 보낸다. 2. 다시 포그라운드로 복귀한다.","앱 복귀 시 로그인 화면 상태가 유지되며 크래시가 없다.","경계","P2","",""
"FE-ON-025","온보딩·권한","로그인","전환","로그인 성공 시 onComplete 콜백으로 다음 플로우 전환","서버 인증 성공","1. 소셜 로그인 전체 흐름을 성공시킨다.","onComplete 콜백이 호출되어 온보딩 다음 단계(권한/메인)로 전환된다.","정상","P0","",""
"FE-ON-026","온보딩·권한","로그인","다크모드","다크모드에서 로고·버튼 가독성","단말 다크모드 설정","1. 다크모드로 전환 후 로그인 화면을 본다.","로고와 4개 버튼(특히 흰색 구글/검정 애플)의 텍스트·아이콘 대비가 유지되어 가독성에 문제가 없다.","경계","P2","",""
"FE-ON-027","온보딩·권한","접근 권한 허용","화면 진입/렌더링","permissionRequest 라우트 진입 시 전체 UI 렌더링","OnboardingFactory를 통해 .permissionRequest 라우트로 진입","1. 권한 요청 화면으로 진입한다.","'앱 사용을 위해 접근 권한을 허용해주세요.' 타이틀, '선택 권한' 라벨, 권한 항목, 하단 안내 박스, '확인' 버튼이 정상 표시된다.","정상","P0","",""
"FE-ON-028","온보딩·권한","접근 권한 허용","권한 항목 목록","알림·위치 권한 항목이 아이콘과 설명으로 노출","권한 요청 화면 진입","1. 권한 항목 리스트를 확인한다.","'알림 / 알림 및 메시지 전송'(noti 아이콘), '위치 / 위치 및 부동산 찾기'(place 아이콘) 2개 항목이 ForEach로 노출된다.","정상","P1","",""
"FE-ON-029","온보딩·권한","접근 권한 허용","안내 문구","하단 접근 권한 안내·변경 안내 문구 노출","권한 요청 화면 진입","1. 하단 회색 박스 영역을 확인한다.","'접근 권한 안내' 설명과 '접근 권한 변경 안내 / 휴대폰 설정 > 앱 > 민들팽이' 문구가 노출된다.","정상","P2","",""
"FE-ON-030","온보딩·권한","접근 권한 허용","확인 버튼/권한 요청","확인 탭 시 알림·위치 시스템 권한 팝업 노출 후 이전 화면 복귀","권한 요청 화면 진입, 권한 미결정 상태","1. '확인' 버튼을 탭한다.","알림 권한 요청 시스템 팝업과 위치 권한 요청 팝업이 노출되고, 이후 coordinator.pop()으로 이전 화면으로 복귀한다.","정상","P0","",""
"FE-ON-031","온보딩·권한","접근 권한 허용","확인 버튼/권한 요청","알림 권한 거부 시에도 화면 정상 복귀","권한 요청 화면 진입","1. '확인' 탭 후 알림 권한 팝업에서 '허용 안 함'을 선택한다.","앱이 크래시 없이 정상적으로 이전 화면으로 pop되고 다른 기능 이용이 가능하다.","예외","P1","","권한 거부 처리"
"FE-ON-032","온보딩·권한","접근 권한 허용","확인 버튼/권한 요청","위치 권한 거부 시에도 화면 정상 복귀","권한 요청 화면 진입","1. '확인' 탭 후 위치 권한 팝업에서 거부를 선택한다.","앱이 크래시 없이 이전 화면으로 정상 pop된다.","예외","P1","","권한 거부 처리"
"FE-ON-033","온보딩·권한","접근 권한 허용","확인 버튼/권한 요청","이미 권한이 결정된 상태에서 확인 재탭","알림·위치 권한이 이미 허용/거부로 결정된 상태","1. 권한 요청 화면에서 '확인'을 다시 탭한다.","시스템 권한 팝업은 재노출되지 않고 곧바로 이전 화면으로 pop된다.","경계","P2","",""
"FE-ON-034","온보딩·권한","접근 권한 허용","네비게이션","확인 후 pop으로 이전 화면 복귀","권한 요청 화면이 push되어 표시된 상태","1. '확인'을 탭한다.","coordinator.pop()이 실행되어 직전 화면으로 정상 복귀한다.","정상","P0","",""
"FE-ON-035","온보딩·권한","접근 권한 허용","상태 보존","화면 이탈 후 복귀 시 렌더링 유지","권한 요청 화면 표시 상태","1. 앱을 백그라운드로 보냈다가 복귀한다. 2. 화면 구성을 확인한다.","권한 항목·안내 문구·확인 버튼 레이아웃이 유지된다.","경계","P2","",""
"FE-ON-036","온보딩·권한","접근 권한 허용","다크모드/접근성","다크모드 및 큰 글자 크기에서 레이아웃","단말 다크모드 또는 큰 동적 글자 크기 설정","1. 다크모드/큰 글자 설정 후 권한 화면을 본다.","회색 배경·텍스트 대비가 유지되고 텍스트가 잘리거나 겹치지 않는다.","경계","P2","",""
"FE-SP-001","스플래시","스플래시 화면","스플래시 이미지 렌더링","앱 실행 시 스플래시 이미지가 전체화면으로 표시된다","앱이 정상 설치되어 실행 가능한 상태","1. 앱을 실행한다 2. 첫 화면(스플래시)을 확인한다","Asset.splash 이미지가 화면 전체에 표시되고, 깨짐이나 빈 영역 없이 정상 렌더링된다","정상","P0","",""
"FE-SP-002","스플래시","스플래시 화면","스플래시 이미지 렌더링","다양한 기기 화면 크기에서 이미지가 비율 유지하며 꽉 차게 표시된다","서로 다른 화면 크기의 기기(소형/대형, 노치/다이나믹아일랜드)에서 실행","1. 소형 기기에서 앱 실행해 스플래시 확인 2. 대형 기기에서 동일하게 확인","scaledToFill·clipped로 이미지가 빈 여백 없이 화면을 가득 채우고, 가로세로 비율이 깨지지 않으며 넘치는 부분만 잘려서 표시된다","경계","P1","",""
"FE-SP-003","스플래시","스플래시 화면","스플래시 이미지 렌더링","Safe Area(노치/홈 인디케이터) 영역까지 이미지가 확장된다","노치 또는 다이나믹아일랜드, 홈 인디케이터가 있는 기기","1. 앱을 실행한다 2. 화면 상단 노치 영역과 하단 홈 인디케이터 영역을 확인한다","ignoresSafeArea가 적용되어 상·하단 시스템 영역까지 이미지가 끊김 없이 채워진다","경계","P2","",""
"FE-SP-004","스플래시","스플래시 화면","스플래시 이미지 렌더링","다크모드에서도 동일한 스플래시 이미지가 표시된다","시스템 다크모드 활성화","1. 시스템을 다크모드로 설정한다 2. 앱을 실행해 스플래시를 확인한다","고정 에셋 이미지이므로 라이트/다크모드와 무관하게 동일한 스플래시가 정상 표시된다(색상 반전·배경 깨짐 없음)","경계","P2","",""
"FE-SP-005","스플래시","스플래시 화면","앱 최초 실행 판별","앱 최초 설치 후 첫 실행 시 첫 실행 플래그가 초기화되고 스플래시가 정상 종료된다","앱을 처음 설치하여 로컬스토리지에 isAppFirst 값이 없는 상태","1. 앱을 최초 실행한다 2. 스플래시가 표시된 후 다음 화면으로 전환되는지 확인한다","isAppFirst 키가 없으므로 storage에 false가 저장되고, 콜백이 호출되어 스플래시가 멈추지 않고 다음 화면으로 정상 전환된다","정상","P1","",""
"FE-SP-006","스플래시","스플래시 화면","앱 최초 실행 판별","앱 재실행 시 저장된 첫 실행 플래그를 로드하고 스플래시가 정상 종료된다","이전 실행으로 로컬스토리지에 isAppFirst 값이 존재하는 상태","1. 앱을 종료 후 다시 실행한다 2. 스플래시 표시 및 다음 화면 전환을 확인한다","저장된 isAppFirst 값을 로드한 뒤 콜백이 호출되어 스플래시가 정상 종료되고 다음 화면으로 전환된다","정상","P1","",""
"FE-SP-007","스플래시","스플래시 화면","자동 로그인 상태 판별","유효한 토큰 보유 상태로 실행 시 로그인된 상태로 전환된다","로컬스토리지에 만료되지 않은 유효한 signInTokenInfo가 저장된 상태","1. 로그인 상태에서 앱을 종료한다 2. 앱을 다시 실행해 스플래시 이후 전환되는 화면을 확인한다","onComplete(true)가 호출되어 로그인 사용자용 메인 화면으로 전환되며, 로그인 화면을 거치지 않는다","정상","P0","","토큰 유효성 값 판단은 데이터파트 연계"
"FE-SP-008","스플래시","스플래시 화면","자동 로그인 상태 판별","토큰이 없는 비로그인 상태로 실행 시 비로그인 화면으로 전환된다","로컬스토리지에 signInTokenInfo가 없는 상태(로그아웃 또는 최초 설치)","1. 비로그인 상태에서 앱을 실행한다 2. 스플래시 이후 전환되는 화면을 확인한다","onComplete(false)가 호출되어 로그인/온보딩 등 비로그인 진입 화면으로 전환된다","정상","P0","",""
"FE-SP-009","스플래시","스플래시 화면","자동 로그인 상태 판별","만료된 토큰 보유 상태로 실행 시 세션 정보가 제거되고 비로그인 화면으로 전환된다","로컬스토리지에 만료된 signInTokenInfo가 저장된 상태","1. 토큰이 만료된 상태에서 앱을 실행한다 2. 스플래시 이후 전환되는 화면을 확인한다","저장된 토큰·유저정보(signInTokenInfo/signInUserInfo)가 제거되고 onComplete(false)가 호출되어 비로그인 화면으로 전환(재로그인 유도)된다","예외","P0","","만료 시점 판단의 값 정확성은 데이터파트 연계"
"FE-SP-010","스플래시","스플래시 화면","자동 로그인 상태 판별","비로그인/만료 처리 후 잔여 세션 정보 없이 진입한다","토큰이 없거나 만료된 상태","1. 앱을 실행해 스플래시 처리를 완료한다 2. 전환된 화면에서 사용자 정보 노출 영역을 확인한다","signInTokenInfo·signInUserInfo가 모두 제거되어 이전 사용자 정보가 잔존 노출되지 않고 비로그인 상태로 진입한다","예외","P1","",""
"FE-SP-011","스플래시","스플래시 화면","화면 전환 콜백","스플래시 처리 완료 시 다음 화면 전환이 한 번만 발생한다","앱 실행 가능한 상태","1. 앱을 실행한다 2. 스플래시 종료 시 화면 전환 동작을 관찰한다","onComplete 콜백이 1회만 호출되어 다음 화면으로 단일 전환되며, 이중 전환·화면 깜빡임이 발생하지 않는다","경계","P1","",""
"FE-SP-012","스플래시","스플래시 화면","화면 전환 콜백","오프라인(네트워크 끊김) 상태에서도 스플래시가 정상 표시되고 전환된다","기기가 비행기모드 등 네트워크 차단 상태","1. 네트워크를 차단한다 2. 앱을 실행해 스플래시 표시와 다음 화면 전환을 확인한다","스플래시는 로컬스토리지만 사용하므로 네트워크 없이도 정상 표시되고, 저장된 로그인 상태에 따라 화면 전환이 완료된다(스플래시 멈춤·무한 대기 없음)","경계","P1","",""
"FE-SP-013","스플래시","스플래시 화면","화면 전환 콜백","로컬스토리지 읽기 지연 시 콜백 완료 전까지 스플래시가 유지된다","로컬스토리지 접근이 지연되는 상황(저사양/디스크 부하)","1. 앱을 실행한다 2. 상태 판별이 끝날 때까지 화면 상태를 관찰한다","비동기 처리가 끝나 콜백이 호출될 때까지 스플래시 이미지가 유지되며, 검은 화면이나 조기 종료가 발생하지 않는다","경계","P2","",""
"FE-SP-014","스플래시","스플래시 화면","화면 전환 콜백","스플래시 표시 중 백그라운드 전환 후 포그라운드 복귀 시 정상 동작한다","앱 실행 가능한 상태","1. 앱을 실행해 스플래시가 표시되는 동안 홈 버튼으로 백그라운드 전환한다 2. 다시 앱으로 복귀한다","복귀 시 스플래시 이미지가 깨지지 않고 표시되며, 상태 판별 후 다음 화면으로 정상 전환된다","경계","P2","",""
"FE-TB-001","메인탭","메인탭 루트","로그인 상태 분기","비로그인 상태로 진입 시 로그인 화면 노출","액세스 토큰 없음(비로그인 상태)","1. 토큰이 없는 상태로 앱 실행 2. 메인탭 진입","탭바 대신 SignInView(로그인 화면)이 표시된다","예외","P0","",""
"FE-TB-002","메인탭","메인탭 루트","로그인 상태 분기","로그인 상태로 진입 시 3탭 탭바 노출","유효한 액세스 토큰 보유(로그인 상태)","1. 로그인된 상태로 앱 실행 2. 메인탭 진입","홈/관심/마이페이지 3개 탭으로 구성된 탭바가 표시된다","정상","P0","",""
"FE-TB-003","메인탭","메인탭 루트","로그인 상태 분기","로그인 완료 시 로그인 화면에서 탭바로 자동 전환","비로그인 상태로 SignInView 노출 중","1. 로그인 화면에서 로그인 진행 2. 토큰 발급 완료","토큰 스트림 갱신(isUserLoggedIn=true)으로 자동으로 탭바 화면으로 전환된다","정상","P0","",""
"FE-TB-004","메인탭","메인탭 루트","로그인 상태 분기","사용 중 토큰 만료/로그아웃 시 로그인 화면으로 전환","로그인 상태로 탭바 사용 중","1. 탭바 사용 중 토큰 만료 또는 로그아웃 발생","tokenInfoStream으로 isUserLoggedIn=false 갱신되어 SignInView로 전환된다","예외","P0","","토큰 만료 트리거 자체는 데이터파트 연계"
"FE-TB-005","메인탭","메인탭 루트","탭 선택 상태 보존","로그아웃 후 재로그인 시 직전 선택 탭 유지 여부","마이페이지 탭 선택 상태에서 로그아웃","1. 마이페이지 탭 선택 2. 로그아웃하여 로그인 화면 진입 3. 재로그인","selection이 MainTabView @State로 유지되어 재로그인 시 직전 탭 상태가 보존된다(동작 확인)","경계","P2","","selection은 분기 swap에도 MainTabView에 남음"
"FE-TB-006","메인탭","온보딩 진입","최초 실행 권한요청 풀스크린","앱 최초 실행 + 로그인 상태에서 권한요청 풀스크린 자동 표시","isTabEnterFirst 로컬키 미존재(최초 실행), 로그인 상태","1. 설치 후 앱 최초 실행 2. 로그인 상태로 탭바 진입","권한요청 온보딩 풀스크린(presentFullScreen)이 자동으로 표시된다","정상","P0","",""
"FE-TB-007","메인탭","온보딩 진입","최초 실행 권한요청 풀스크린","최초 실행 이후 재진입 시 권한요청 풀스크린 미표시","isTabEnterFirst 키가 이미 false로 저장됨(최초 실행 완료)","1. 앱 재실행 2. 로그인 상태로 탭바 진입","권한요청 풀스크린이 표시되지 않는다","정상","P1","",""
"FE-TB-008","메인탭","온보딩 진입","최초 실행 권한요청 풀스크린","동일 세션에서 로그아웃→재로그인 시 권한요청 풀스크린 중복 노출 안됨","권한요청 풀스크린 1회 노출되어 isTabEnterFirst=false 처리됨","1. 로그아웃 2. 재로그인하여 탭바 재진입","권한요청 풀스크린이 다시 표시되지 않는다","경계","P1","",""
"FE-TB-009","메인탭","온보딩 진입","최초 실행 권한요청 풀스크린","권한요청 풀스크린 종료 후 탭바(홈)로 복귀","권한요청 풀스크린 표시 중","1. 권한요청 온보딩 완료 또는 닫기","풀스크린이 dismiss되고 탭바(기본 홈 탭)로 돌아온다","정상","P1","",""
"FE-TB-010","메인탭","탭바","탭 전환","탭바 진입 시 기본 선택 탭이 홈","로그인 상태로 탭바 진입","1. 탭바 진입","홈 탭이 선택되어 AuctionHomeView가 표시된다","정상","P0","",""
"FE-TB-011","메인탭","탭바","탭 전환","홈에서 관심 탭으로 전환","홈 탭 선택 상태","1. 하단 관심 탭 탭","InterestView가 표시되고 관심 탭이 선택 강조된다","정상","P0","",""
"FE-TB-012","메인탭","탭바","탭 전환","홈에서 마이페이지 탭으로 전환","홈 탭 선택 상태","1. 하단 마이페이지 탭 탭","MyPageView가 표시되고 마이페이지 탭이 선택 강조된다","정상","P0","",""
"FE-TB-013","메인탭","탭바","탭 전환","다른 탭에서 홈 탭으로 복귀","관심 또는 마이페이지 탭 선택 상태","1. 관심 탭으로 이동 2. 홈 탭 재탭","홈 화면(AuctionHomeView)으로 정상 복귀한다","정상","P1","",""
"FE-TB-014","메인탭","탭바","탭 아이콘 상태","선택 탭은 강조 아이콘/색상, 미선택 탭은 회색 표시","임의 탭 선택 상태","1. 임의 탭 선택 2. 하단 탭바 아이콘/텍스트 확인","선택 탭 아이콘은 컬러 강조 및 강조 텍스트 색, 미선택 탭은 회색 아이콘/텍스트로 표시된다","정상","P1","",""
"FE-TB-015","메인탭","탭바","탭 라벨","각 탭 라벨 텍스트(홈/관심/마이페이지) 노출","탭바 진입","1. 하단 탭바 라벨 확인","L10n 기준 3개 탭 라벨 텍스트가 각 아이콘 하단에 표시된다","정상","P2","",""
"FE-TB-016","메인탭","탭바","탭 상태 보존","다른 탭 갔다 복귀 시 직전 탭 스크롤/상태 보존","홈 탭에서 일정 위치까지 스크롤한 상태","1. 홈 탭 스크롤 2. 관심 탭 이동 3. 홈 탭 복귀","홈 탭의 스크롤 위치 및 화면 상태가 보존된다","경계","P1","",""
"FE-TB-017","메인탭","탭바","탭 전환","빠른 연속 탭 전환 시 크래시/깜빡임 없음","탭바 진입","1. 홈/관심/마이페이지 탭을 빠르게 연속 탭","마지막 선택 탭이 정상 표시되고 크래시나 중복 전환이 없다","경계","P2","",""
"FE-TB-018","메인탭","탭바","탭바 외형","탭바 반투명 블러 배경 적용","탭바 진입","1. 하단 탭바 배경 확인","탭바에 블러+반투명 배경과 상단 구분선이 표시된다","정상","P2","",""
"FE-TB-019","메인탭","탭바","탭바 외형","콘텐츠 스크롤/탭 전환 중 탭바 상시 노출","탭바 진입","1. 콘텐츠 스크롤 2. 탭 전환","탭바(toolbarVisibility .visible)가 숨지 않고 항상 표시된다","정상","P2","",""
"FE-TB-020","메인탭","탭바","다크모드","다크모드에서 탭바 배경/아이콘 정상 렌더링","시스템 다크모드 활성","1. 시스템을 다크모드로 전환 2. 탭바 확인","탭바 배경/아이콘/텍스트가 다크모드에 맞게 정상 렌더링된다","경계","P2","",""
"FE-TB-021","메인탭","네트워크 끊김 시트","네트워크 끊김 안내","사용 중 네트워크 끊기면 안내 시트 자동 노출","로그인 상태로 탭바 사용 중, 네트워크 연결됨","1. 탭바 사용 중 2. 네트워크 연결 해제","onChange 감지로 '인터넷 연결이 되지 않아요' 안내 시트가 자동으로 표시된다","예외","P0","",""
"FE-TB-022","메인탭","네트워크 끊김 시트","네트워크 끊김 안내","안내 시트 문구 노출 확인","네트워크 끊김 시트 표시 중","1. 시트 내용 확인","제목 및 '인터넷 상태를 확인해주세요'/'인터넷 연결이 되면 바로 사용할 수 있어요' 문구가 모두 표시된다","예외","P1","",""
"FE-TB-023","메인탭","네트워크 끊김 시트","네트워크 재연결","네트워크 재연결 시 안내 시트 자동 닫힘","네트워크 끊김 시트 표시 중","1. 네트워크 재연결","onChange로 isShowNetworkDisconnect=false 처리되어 시트가 닫힌다","정상","P1","",""
"FE-TB-024","메인탭","네트워크 끊김 시트","네트워크 끊김 안내","사용자가 안내 시트를 스와이프로 수동 닫기","네트워크 끊김 시트 표시 중(여전히 끊김 상태)","1. 시트를 아래로 스와이프하여 닫기","dynamicSheet가 닫힌다","예외","P2","",""
"FE-TB-025","메인탭","네트워크 끊김 시트","네트워크 끊김 안내","앱 시작 시점에 이미 네트워크가 끊긴 경우 시트 노출 여부","앱 진입 전부터 네트워크 비활성","1. 네트워크가 끊긴 상태로 탭바 진입","onChange는 값 변경 시에만 동작하므로 진입 직후 시트가 미노출될 수 있음(동작 확인 필요)","경계","P1","","onChange(of:) 기반 — 초기 끊김 상태 미감지 가능"
"FE-TB-026","메인탭","네트워크 끊김 시트","네트워크 끊김 안내","네트워크 끊김/연결 반복 시 시트 토글","로그인 상태로 탭바 사용 중","1. 네트워크 끊김 2. 재연결 3. 다시 끊김","매 끊김마다 시트가 재노출되고 재연결마다 닫힌다","경계","P2","",""
"FE-TB-027","메인탭","네트워크 끊김 시트","백그라운드 복귀","백그라운드 다녀온 뒤 네트워크 상태 반영","포그라운드에서 네트워크 연결됨","1. 백그라운드 전환 중 네트워크 끊기 2. 포그라운드 복귀","복귀 후 변경된 네트워크 상태에 따라 시트 노출/미노출이 반영된다","경계","P2","",""
"FE-TB-028","메인탭","네트워크 끊김 시트","네트워크 끊김 안내","비로그인(로그인 화면) 상태에서는 네트워크 안내 시트 미적용","비로그인 상태(SignInView 노출 중)","1. 로그인 화면 상태에서 2. 네트워크 끊김","네트워크 안내 시트는 tabView에만 부착되어 로그인 화면에서는 표시되지 않는다","경계","P2","","onChange/sheet가 tabView()에만 부착됨"
"FE-AH-001","경매홈","경매홈 매물리스트","초기 로딩","경매홈 최초 진입 시 전체화면 로딩 인디케이터가 표시된다","앱 실행 후 경매홈 탭 최초 진입(비/로그인 무관)","1. 경매홈 화면에 진입한다 2. onLoad가 트리거되어 매물 로딩이 시작된다","로딩 중에는 .loading() 전체화면 인디케이터가 표시되고, 로딩 완료 후 인디케이터가 사라지며 매물 리스트가 렌더링된다","정상","P0","","onLoad는 withFilter:false로 호출되어 필터 미적용 상태로 첫 로딩됨"
"FE-AH-002","경매홈","경매홈 매물리스트","매물 리스트 렌더링","매물 데이터가 있을 때 인증매물 안내 배너와 매물 셀들이 정상 표시된다","매물 데이터 1건 이상 존재","1. 경매홈에 진입한다 2. 로딩 완료를 기다린다","상단 인증매물 안내 배너(InformCertificationView) 아래로 매물 셀들이 LazyVStack에 순서대로 표시되며, 각 셀에 이미지/감정가/주소/건물명/D-day(또는 매각)/찜 영역이 보인다","정상","P0","","값 정확성은 데이터파트 연계"
"FE-AH-003","경매홈","경매홈 매물리스트","빈 상태","매물 0건일 때 셀과 페이징 로더가 표시되지 않는다","로드 결과 매물 0건(또는 필터 결과 0건)","1. 매물이 0건인 조건으로 경매홈을 로드한다","매물 셀이 하나도 표시되지 않고, auctionSalesItems가 비어 있으므로 무한스크롤 트리거(loadMoreView)와 하단 ProgressView도 표시되지 않으며, 인증매물 안내 배너만 보인다","경계","P1","","별도 empty 일러스트/문구 미구현 여부 확인 필요"
"FE-AH-004","경매홈","경매홈 매물리스트","에러 처리","매물 로드 실패 시 에러 alert가 표시된다","네트워크 끊김 또는 서버 에러 상황","1. 네트워크를 차단한다 2. 경매홈에 진입하거나 새로고침한다","로딩 인디케이터가 사라지고 .alert(error:) 에러 알럿이 표시되며, 리스트는 갱신되지 않는다","예외","P0","","에러 메시지 내용 자체는 데이터파트 연계"
"FE-AH-005","경매홈","경매홈 매물리스트","당겨서 새로고침","리스트를 아래로 당기면 매물이 재조회된다","매물 리스트가 표시된 상태","1. 리스트 최상단에서 아래로 당긴다(pull to refresh)","refreshable가 트리거되어 loadAuctionSalesList(withFilter:true)가 호출되고, 현재 필터 기준으로 리스트가 갱신된다","정상","P1","","새로고침은 필터 적용(withFilter 기본 true), 최초 onLoad는 필터 미적용 차이 확인"
"FE-AH-006","경매홈","경매홈 매물리스트","무한 스크롤","리스트 하단까지 스크롤하면 다음 페이지 매물이 추가 로드된다","매물 1건 이상 존재(다음 페이지 데이터 존재)","1. 리스트를 아래로 끝까지 스크롤한다","하단 loadMoreView의 task가 트리거되어 loadMoreAuctionSales가 호출되고, 기존 리스트 끝에 다음 페이지 매물이 append되며 스크롤이 이어진다","정상","P0","",""
"FE-AH-007","경매홈","경매홈 매물리스트","무한 스크롤","페이징 로딩 중 하단에 ProgressView가 표시된다","다음 페이지 로딩이 진행 중","1. 하단까지 스크롤하여 추가 로딩을 트리거한다","isLoadingForPaging이 true인 동안 하단에 50x50 ProgressView가 표시되고, 로딩 완료 후 사라진다","정상","P2","",""
"FE-AH-008","경매홈","경매홈 매물리스트","무한 스크롤","추가 페이지 로딩 실패 시 기존 리스트가 유지되고 에러 alert가 뜬다","첫 페이지는 로드됨, 다음 페이지 로딩 시 네트워크 에러","1. 하단까지 스크롤한다 2. 추가 로딩 중 네트워크를 차단한다","에러 alert가 표시되고, 기존에 표시되던 매물 리스트(currentAuctionSalesItems)는 사라지지 않고 그대로 유지된다","예외","P1","",""
"FE-AH-009","경매홈","경매홈 매물리스트","매물 상세 진입","매물 셀을 탭하면 경매 상세 화면으로 이동한다","매물 리스트가 표시된 상태","1. 임의의 매물 셀을 탭한다","coordinator.push(.auctionDetail)로 해당 매물 상세 화면이 push되고, 동시에 saveRecentSales로 최근 본 매물에 저장된다","정상","P0","","최근 본 매물 저장값 정확성은 데이터파트 연계"
"FE-AH-010","경매홈","경매홈 매물리스트","매물 상세 진입","매물 셀을 빠르게 연속 탭해도 상세 화면이 중복 push되지 않는다","매물 리스트가 표시된 상태","1. 동일 매물 셀을 빠르게 두 번 이상 탭한다","상세 화면이 한 번만 push되고 동일 화면이 중복으로 쌓이지 않는다","경계","P2","","코드상 명시적 디바운스 없음 - 중복 push 가능성 점검 필요"
"FE-AH-011","경매홈","경매홈 매물리스트","최근 본 매물 저장","매물 상세 진입 시 최근 본 매물 목록 상한(50개)이 유지된다","최근 본 매물이 이미 다수 저장된 상태","1. 여러 매물을 연속으로 탭하여 50개를 초과하도록 진입한다","최근 본 매물이 최신순으로 맨 앞에 추가되고 중복 매물은 앞으로 이동하며, 50개 초과 시 가장 오래된 항목이 제거된다","경계","P2","","로컬스토리지 저장 동작, 값 정확성은 데이터파트 연계"
"FE-AH-012","경매홈","매물 셀","관심(찜) 토글","찜 안 된 매물의 하트를 탭하면 찜 활성 상태로 바뀐다","로그인 상태, 해당 매물 isZzim=false","1. 매물 셀의 하트 버튼을 탭한다","하트 아이콘이 채워진 빨강(critical)으로 바뀌고 찜 카운트가 +1 증가하며, NotificationCenter로 다른 화면에 동기화 알림이 전파된다","정상","P0","",""
"FE-AH-013","경매홈","매물 셀","관심(찜) 토글","찜 된 매물의 하트를 탭하면 찜이 해제된다","로그인 상태, 해당 매물 isZzim=true","1. 매물 셀의 하트 버튼을 탭한다","하트 아이콘이 비활성(neutralMuted)으로 바뀌고 찜 카운트가 -1 감소한다","정상","P1","",""
"FE-AH-014","경매홈","매물 셀","관심(찜) 토글","찜 요청이 실패하면 UI 상태가 변경되지 않는다","비로그인 또는 네트워크 에러 상황","1. 매물 셀의 하트 버튼을 탭한다 2. 찜 API가 실패한다","addInterest/removeInterest가 먼저 실패하므로 하트 아이콘과 카운트가 변경되지 않는다(낙관적 업데이트 전 차단)","예외","P1","","View의 Task에서 try await 에러가 catch되지 않아 실패 시 사용자에게 알럿/안내가 노출되지 않음 - 점검 필요"
"FE-AH-015","경매홈","매물 셀","찜 상태 동기화","다른 화면에서 찜 상태를 변경 후 홈으로 복귀하면 셀 상태가 동기화된다","매물 리스트 표시, 상세 등 다른 화면에서 동일 매물 찜 변경","1. 매물 상세로 진입한다 2. 상세에서 찜을 토글한다 3. 경매홈으로 복귀한다","NotificationCenter(auctionZzimDidChange) 수신으로 syncZzimState가 호출되어 홈 리스트 해당 셀의 하트 상태와 찜 카운트가 변경 결과와 일치하게 갱신된다","정상","P1","",""
"FE-AH-016","경매홈","매물 셀","D-day/매각 뱃지","매각 여부에 따라 D-day 또는 매각 뱃지가 올바르게 표시된다","매물 데이터 존재(매각/진행 혼재)","1. 리스트에서 매각 매물과 진행 매물을 확인한다","isSoldOut인 매물은 '매각' 뱃지(neutralSubtler 배경), 진행 매물은 'D+/D-n' 형식 뱃지(neutral 배경)로 표시된다","정상","P2","","남은 일수 값 정확성은 데이터파트 연계"
"FE-AH-017","경매홈","매물 셀","이미지 로딩","매물 이미지 로드 실패 시 플레이스홀더가 표시된다","이미지 URL이 잘못되었거나 네트워크 지연","1. 이미지가 로드되지 않는 매물 셀을 확인한다","CachedAsyncImage가 실패/로딩 동안 gray150 색상 플레이스홀더를 표시하고 레이아웃(100x100)이 유지된다","예외","P2","",""
"FE-AH-018","경매홈","매물 셀","라벨/오버플로우","인증/카테고리/유찰횟수 라벨과 긴 주소가 레이아웃을 깨지 않는다","verified=true, 카테고리 존재, 주소/건물명이 긴 매물","1. 인증매물이며 주소/건물명이 긴 셀을 확인한다","인증 그라데이션 라벨, 첫 카테고리 라벨, 유찰횟수 라벨이 표시되고, 긴 주소/건물명은 멀티라인으로 줄바꿈되어 셀 레이아웃이 깨지지 않는다","경계","P2","",""
"FE-AH-019","경매홈","경매홈 매물리스트","상태 보존","다른 탭/화면 이동 후 복귀 시 리스트와 필터 상태가 보존된다","필터를 적용하고 리스트를 일부 스크롤한 상태","1. 필터/스크롤을 변경한다 2. 다른 탭으로 이동한다 3. 경매홈으로 복귀한다","적용된 필터 상태와 로드된 매물 리스트가 초기화되지 않고 유지된다","정상","P1","",""
"FE-AH-020","경매홈","경매홈 매물리스트","백그라운드 복귀","앱 백그라운드 전환 후 포그라운드 복귀 시 화면 상태가 유지된다","경매홈에서 매물 리스트가 표시된 상태","1. 홈 버튼/제스처로 백그라운드 진입 2. 앱을 다시 포그라운드로 가져온다","리스트와 필터 상태가 유지되며 크래시 없이 화면이 복원된다","경계","P2","",""
"FE-AH-021","경매홈","경매홈 상단바","지역 표시","선택된 지역/시군구에 따라 상단 지역 텍스트가 올바르게 표시된다","지역 미선택/지역만 선택/시군구까지 선택 각 상태","1. 각 상태에서 상단바 지역 영역을 확인한다","지역 미선택 시 기본 문구(homeDefaultArea), 지역만 선택 시 'region', 시군구까지 선택 시 'region district' 형식으로 표시된다","정상","P1","",""
"FE-AH-022","경매홈","경매홈 상단바","지역선택 시트 열기","지역 버튼을 탭하면 지역선택 바텀시트가 열린다","경매홈 표시 상태","1. 상단바 지역 텍스트/화살표 버튼을 탭한다","isShowFilterArea가 true가 되어 AuctionFilterLocationView 시트가 present된다","정상","P0","",""
"FE-AH-023","경매홈","경매홈 상단바","검색 화면 이동","검색 버튼을 탭하면 검색 화면으로 이동한다","경매홈 표시 상태","1. 상단바 우측 검색 아이콘을 탭한다","coordinator.push(.search(searchHome))로 검색 홈 화면이 push된다","정상","P1","",""
"FE-AH-024","경매홈","지역선택 시트","지역 목록","지역선택 시트에 지역 목록이 표시된다","필터(regions) 조회 성공","1. 상단바 지역 버튼으로 시트를 연다","좌측에 지역(region) 목록이 표시되고, 현재 선택된 지역은 강조(neutral 배경/흰 글씨)된다","정상","P1","",""
"FE-AH-025","경매홈","지역선택 시트","지역 선택/시군구 초기화","지역을 선택하면 시군구 목록이 노출되고 기존 시군구가 초기화된다","지역선택 시트가 열린 상태","1. 좌측에서 임의의 지역을 탭한다","선택 지역이 강조되고 district가 nil로 초기화되며, 우측에 해당 지역의 시군구(district) 목록이 표시된다","정상","P1","",""
"FE-AH-026","경매홈","지역선택 시트","시군구 선택","시군구를 선택하면 해당 항목이 강조된다","지역이 선택되어 시군구 목록이 표시된 상태","1. 우측에서 임의의 시군구를 탭한다","선택한 시군구가 강조(neutral 배경/흰 글씨)되고 currentAuctionFilter.district에 반영된다","정상","P1","",""
"FE-AH-027","경매홈","지역선택 시트","적용","적용 버튼을 탭하면 선택 지역으로 리스트가 갱신되고 시트가 닫힌다","지역/시군구를 선택한 상태","1. 지역/시군구를 선택한다 2. 우측 상단 '적용'을 탭한다","onApplied로 loadAuctionSalesList가 호출되어 리스트가 갱신되고 isShowFilterArea=false로 시트가 닫히며 상단바 지역 텍스트가 갱신된다","정상","P0","",""
"FE-AH-028","경매홈","지역선택 시트","적용 없이 닫기","적용을 누르지 않고 시트를 닫으면 변경한 지역이 리스트에 반영되지 않는다","지역선택 시트에서 지역을 변경한 상태","1. 지역을 다른 값으로 변경한다 2. 적용을 누르지 않고 시트를 아래로 드래그하여 닫는다","리스트 재조회가 일어나지 않는다(loadAuctionSalesList 미호출)","경계","P2","","region/district 바인딩이 적용 전에도 currentAuctionFilter를 직접 변경 - 닫은 뒤 상단바 텍스트/다음 새로고침 시 반영되는 상태 불일치 점검 필요"
"FE-AH-029","경매홈","지역선택 시트","빈 데이터","지역 옵션이 없을 때 시군구 영역이 표시되지 않는다","필터 조회 실패 또는 regions/region이 nil","1. 지역 옵션이 없는 상태에서 시트를 연다","지역 목록이 비어 있고, region이 nil이면 우측 시군구(DistrictSelectView) 영역이 표시되지 않는다","경계","P2","",""
"FE-AH-030","경매홈","필터바","필터 버튼 노출","필터 바에 5종 필터 버튼이 가로로 표시된다","경매홈 표시 상태","1. 필터 바를 확인한다","인증매물/건물용도/경매상태/가격/낙찰 5개 필터 버튼이 가로 스크롤 영역에 표시되며, 인증매물 버튼에는 좌측 인증 아이콘, 확장형(건물용도/경매상태/가격)에는 우측 화살표가 표시된다","정상","P1","",""
"FE-AH-031","경매홈","필터바","인증매물 토글","인증매물 칩을 탭하면 즉시 토글되고 리스트가 갱신된다","경매홈 표시 상태","1. 인증매물 필터 칩을 탭한다","isCertified가 토글되어 활성 시 칩이 채워진 스타일(neutral 배경/흰 글씨)로 바뀌고 refreshData로 즉시 리스트가 재조회된다","정상","P0","",""
"FE-AH-032","경매홈","필터바","낙찰 토글","낙찰 칩을 탭하면 즉시 토글되고 리스트가 갱신된다","경매홈 표시 상태","1. 낙찰 필터 칩을 탭한다","isBidWon이 토글되어 활성 스타일로 바뀌고 즉시 리스트가 재조회된다","정상","P1","",""
"FE-AH-033","경매홈","필터바","확장 필터 시트 열기","건물용도/경매상태/가격 칩을 탭하면 해당 필터 시트가 열린다","경매홈 표시 상태","1. 건물용도 칩을 탭한다 2. 닫고 경매상태 칩을 탭한다 3. 닫고 가격 칩을 탭한다","각 칩에 대응하는 바텀시트(건물용도/경매상태/가격)가 dynamicSheet로 present된다","정상","P1","",""
"FE-AH-034","경매홈","필터바","필터 타이틀 갱신","필터 선택 결과가 필터 칩 타이틀에 반영된다","건물용도/경매상태/가격 필터를 선택한 상태","1. 건물용도에서 2개 이상 선택한다 2. 가격 범위를 설정한다","건물용도/경매상태는 첫 선택명 또는 '첫항목 외 N개'(auctionFilterMultiSelect)로, 가격은 'X 이상 Y 이하/이상/이하' 형식으로 칩 타이틀이 갱신되고 활성 스타일이 적용된다","정상","P1","","표시 금액 문자열 정확성은 데이터파트 연계"
"FE-AH-035","경매홈","필터바","필터 초기화 표시","필터 선택을 모두 해제하면 칩 타이틀이 기본값으로 복원된다","건물용도/경매상태 필터를 선택했다가 모두 해제","1. 선택한 칩을 모두 해제한다","선택 코드가 비면 칩 타이틀이 defaultTitle로 복원되고 비활성 스타일로 돌아간다","경계","P2","",""
"FE-AH-036","경매홈","필터바","시트 닫힘 후 갱신","필터 시트를 닫으면 현재 필터 기준으로 리스트가 갱신된다","확장 필터 시트가 열린 상태","1. 필터 시트에서 값을 변경한다 2. 시트를 드래그/dismiss로 닫는다","sheet onDismiss에서 refreshData가 호출되어 변경된 필터 기준으로 리스트가 재조회된다","정상","P1","",""
"FE-AH-037","경매홈","필터바","가로 스크롤","필터 바를 좌우로 스크롤할 수 있다","필터 칩이 화면 폭을 초과","1. 필터 바를 좌우로 스와이프한다","가로 ScrollView로 가려진 필터 칩까지 스크롤되어 접근 가능하고 스크롤 인디케이터는 숨겨진다","정상","P2","",""
"FE-AH-038","경매홈","건물용도 필터 시트","칩 목록","건물용도 시트에 선택 가능한 칩 목록이 표시된다","필터(buildingTypes) 조회 성공","1. 건물용도 칩을 탭해 시트를 연다","'건물용도' 헤더와 함께 건물용도 칩들이 ChipsContainerView로 표시되고, 하단에 'N개 매물 보기' 버튼이 보인다","정상","P1","",""
"FE-AH-039","경매홈","건물용도 필터 시트","다중 선택+디바운스","건물용도 칩 다중 선택 시 0.5초 디바운스 후 리스트와 매물 수가 갱신된다","건물용도 시트가 열린 상태","1. 칩을 빠르게 여러 개 연속 선택한다","선택할 때마다 이전 reloadTask가 취소되고 마지막 선택 0.5초 후 1회만 loadAuctionSalesList가 호출되어 'N개 매물 보기' 버튼의 매물 수(filteredItemCount)가 갱신된다","정상","P1","",""
"FE-AH-040","경매홈","건물용도 필터 시트","매물 보기 버튼","'N개 매물 보기' 버튼을 탭하면 시트가 닫힌다","건물용도 칩을 선택한 상태","1. 하단 'N개 매물 보기' 버튼을 탭한다","onClosed가 호출되어 activeSheetItem=nil로 시트가 닫히고, onDismiss 경로로 리스트가 현재 필터 기준 갱신된다","정상","P1","",""
"FE-AH-041","경매홈","건물용도 필터 시트","디바운스 취소","디바운스 대기 중 시트를 닫으면 예약된 재조회가 취소된다","칩 선택 직후 0.5초 디바운스 대기 중","1. 칩을 선택한다 2. 0.5초가 지나기 전에 시트를 닫는다","onDisappear에서 reloadTask가 취소되어 불필요한 추가 재조회가 발생하지 않는다","경계","P2","",""
"FE-AH-042","경매홈","건물용도 필터 시트","빈 옵션","건물용도 옵션이 없으면 칩 영역이 표시되지 않는다","auctionSearchFilter가 nil 또는 buildingTypes 없음","1. 필터 조회 실패 상태에서 건물용도 시트를 연다","헤더와 'N개 매물 보기' 버튼만 보이고 칩 목록(ChipsContainerView)은 표시되지 않는다","경계","P2","",""
"FE-AH-043","경매홈","경매상태 필터 시트","칩 목록","경매상태 시트에 선택 가능한 칩 목록이 표시된다","필터(auctionFailOptions) 조회 성공","1. 경매상태 칩을 탭해 시트를 연다","'경매상태' 헤더와 함께 경매상태 칩들이 표시되고 하단에 'N개 매물 보기' 버튼이 보인다","정상","P1","",""
"FE-AH-044","경매홈","경매상태 필터 시트","다중 선택+디바운스","경매상태 칩 다중 선택 시 0.5초 디바운스 후 리스트와 매물 수가 갱신된다","경매상태 시트가 열린 상태","1. 칩을 빠르게 여러 개 연속 선택한다","이전 reloadTask가 취소되고 마지막 선택 0.5초 후 1회만 재조회되어 매물 수가 갱신된다","정상","P1","","경매상태 시트는 onDisappear 디바운스 취소 처리가 없음 - 건물용도 시트와 차이 점검 필요"
"FE-AH-045","경매홈","경매상태 필터 시트","매물 보기 버튼","'N개 매물 보기' 버튼을 탭하면 시트가 닫힌다","경매상태 칩을 선택한 상태","1. 하단 'N개 매물 보기' 버튼을 탭한다","onClosed가 호출되어 시트가 닫히고 현재 필터 기준으로 리스트가 갱신된다","정상","P1","",""
"FE-AH-046","경매홈","가격 필터 시트","슬라이더 표시","가격 시트에 0~20억 범위 슬라이더가 표시된다","가격 칩을 탭해 시트 진입","1. 가격 칩을 탭해 시트를 연다","'가격' 헤더와 PriceRangeSlider(bounds 0~2,000,000,000)가 현재 필터값(min/max) 기준 핸들 위치로 표시되고 하단에 'N개 매물 보기' 버튼이 보인다","정상","P1","",""
"FE-AH-047","경매홈","가격 필터 시트","슬라이더 조정+디바운스","가격 슬라이더를 조정하면 디바운스 후 리스트와 매물 수가 갱신된다","가격 시트가 열린 상태","1. 슬라이더 하한/상한 핸들을 드래그하여 범위를 변경한다","변경된 min/max가 필터에 반영되고 0.5초 후 loadAuctionSalesList가 호출되어 매물 수가 갱신된다","정상","P1","",""
"FE-AH-048","경매홈","가격 필터 시트","첫 진입 가드","가격 시트 첫 진입 시 자동 재조회가 일어나지 않는다","가격 시트를 처음 연 직후","1. 가격 시트를 연다 2. 슬라이더를 조작하지 않는다","isFirstEnter 가드로 진입 즉시 loadAuctionSalesList가 호출되지 않는다","경계","P2","",""
"FE-AH-049","경매홈","가격 필터 시트","매물 보기 버튼","'N개 매물 보기' 버튼을 탭하면 시트가 닫힌다","가격 범위를 설정한 상태","1. 하단 'N개 매물 보기' 버튼을 탭한다","onComplete가 호출되어 시트가 닫히고 현재 가격 필터 기준으로 리스트가 갱신된다","정상","P1","",""
"FE-AH-050","경매홈","정렬 시트","매물 수/정렬 표시","정렬 영역에 매물 수와 현재 정렬 옵션명이 표시된다","필터 조회 성공으로 sort 기본값 존재","1. 경매홈에서 정렬 영역을 확인한다","'매물 N건'으로 filteredItemCount가 표시되고 우측에 현재 정렬명(sort.displayName)과 up/down 아이콘 버튼이 표시된다","정상","P2","","sort가 nil이면 정렬 버튼 자체가 미표시"
"FE-AH-051","경매홈","정렬 시트","정렬 시트 열기","정렬 버튼을 탭하면 정렬 시트가 열린다","정렬 옵션 존재","1. 정렬 버튼을 탭한다","isShowSortHandleView가 true가 되어 AuctionSortHandlingView 시트가 dynamicSheet로 present된다","정상","P1","",""
"FE-AH-052","경매홈","정렬 시트","정렬 옵션 목록/선택 표시","정렬 시트에 옵션 목록과 현재 선택 체크가 표시된다","정렬 시트가 열린 상태","1. 정렬 시트의 옵션 목록을 확인한다","searchOptions 목록이 표시되고 현재 선택된 옵션 우측에 체크 아이콘이 표시된다","정상","P1","",""
"FE-AH-053","경매홈","정렬 시트","정렬 적용","정렬 옵션을 선택하면 리스트가 갱신되고 시트가 닫힌다","정렬 시트가 열린 상태","1. 다른 정렬 옵션을 탭한다","currentAuctionFilter.sort가 변경되고 onSortSelected로 loadAuctionSalesList가 호출되어 리스트가 갱신된 뒤 isShowSortHandleView=false로 시트가 닫힌다","정상","P1","",""
"FE-AH-054","경매홈","정렬 시트","빈 옵션","정렬 옵션이 없으면 옵션 목록이 표시되지 않는다","auctionSearchFilter가 nil 또는 searchOptions 없음","1. 정렬 옵션이 없는 상태에서 정렬 시트를 연다","'정렬' 헤더만 보이고 옵션 버튼 목록(ForEach)이 표시되지 않는다","경계","P2","",""
"FE-AH-055","경매홈","경매홈 매물리스트","필터 조회 실패","진입 시 필터 옵션 조회가 실패하면 에러 alert가 뜨고 필터 시트가 빈 상태가 된다","init 시점 fetchSearchFilters 실패(네트워크 에러)","1. 네트워크 차단 상태로 경매홈에 진입한다 2. 각 필터/지역/정렬 시트를 연다","에러 alert가 표시되고, 지역/건물용도/경매상태/정렬 옵션이 비어 있어 각 시트가 빈 상태(헤더/버튼만)로 표시된다","예외","P1","",""
"FE-AH-056","경매홈","경매홈 매물리스트","토큰 만료/재로그인","토큰 만료 상태에서 매물 로드/찜 시 재인증 흐름이 처리된다","액세스 토큰 만료","1. 토큰 만료 상태에서 경매홈을 새로고침한다 2. 매물 찜을 시도한다","토큰 만료에 대한 에러 처리 또는 재로그인 유도가 동작하고 앱이 크래시되지 않는다","예외","P1","","실제 토큰 갱신/에러코드 처리는 데이터파트 연계"
"FE-AH-057","경매홈","경매홈 매물리스트","네트워크 지연","네트워크 지연 시 로딩 인디케이터가 유지되고 이중 요청이 방지된다","응답이 매우 느린 네트워크","1. 느린 네트워크에서 경매홈을 로드한다 2. 응답 도착 전 새로고침을 반복한다","응답 도착 전까지 로딩 표시가 유지되고, 응답 후 리스트가 1회 정상 렌더링되며 중복 갱신으로 인한 깜빡임/크래시가 없다","경계","P2","",""
"FE-AH-058","경매홈","경매홈 매물리스트","다크모드","다크모드에서 색상/대비가 정상 표시된다","시스템 다크모드 활성(앱이 다크모드 지원하는 경우)","1. 다크모드로 전환한다 2. 경매홈 및 각 필터/정렬 시트를 확인한다","Asset.Colors 기반 색상이 다크모드에서도 가독성 있게 표시되고 텍스트/아이콘 대비가 유지된다","경계","P2","","다크모드 지원 여부 확인 필요"
"FE-AD-001","경매상세","경매상세 진입/로딩","초기 로딩","상세 진입 시 데이터 로드 전 로딩 인디케이터 표시","유효한 auctionID로 상세 진입, 응답 지연 상태","1. 매물 리스트 등에서 경매 상세로 진입한다. 2. 데이터가 도착하기 전 화면을 관찰한다.","auctionDetailItem이 nil인 동안 화면 중앙에 ProgressView(로딩 스피너)만 표시된다.","정상","P0","",""
"FE-AD-002","경매상세","경매상세 진입/로딩","초기 로딩","진입 시 상세 데이터 자동 로드","유효한 auctionID","1. 경매 상세 화면으로 진입한다. 2. 별도 조작 없이 대기한다.","init 시점에 자동으로 fetch가 호출되어 로딩 후 본문(툴바/사진/요약/탭/히스토리/법원정보)이 렌더된다.","정상","P0","",""
"FE-AD-003","경매상세","경매상세 진입/로딩","성공 렌더","데이터 로드 성공 시 전체 섹션이 순서대로 표시","정상 응답되는 auctionID","1. 상세 진입 후 로딩 완료를 기다린다. 2. 위에서 아래로 스크롤하며 섹션을 확인한다.","툴바 → 사진 페이저 → 요약정보 → 경매정보/권리분석 탭 → 경매 히스토리 → 법원정보 순으로 표시되고 섹션 사이 divider가 보인다.","정상","P0","",""
"FE-AD-004","경매상세","경매상세 진입/로딩","에러 상태","상세 데이터 로드 실패 시 에러 알럿 노출","서버 오류 또는 잘못된 auctionID로 fetch 실패 유도","1. fetch가 실패하도록 한 뒤 상세에 진입한다. 2. 알럿을 확인한다.","화면에 에러 alert가 표시되고, 본문은 로딩(ProgressView) 또는 비어있는 상태로 남는다.","예외","P0","","에러 메시지 문구 정확성은 데이터파트 연계"
"FE-AD-005","경매상세","경매상세 진입/로딩","네트워크 끊김","네트워크 단절 시 로딩 지속 또는 에러 처리","기기 네트워크 OFF","1. 비행기모드 등으로 네트워크를 끊는다. 2. 상세에 진입한다.","무한 로딩에 빠지지 않고, 응답 실패 시 에러 alert가 노출된다.","예외","P1","",""
"FE-AD-006","경매상세","경매상세 진입/로딩","토큰 만료","토큰 만료 상태에서 상세 진입 시 처리","액세스 토큰 만료","1. 토큰이 만료된 상태로 상세에 진입한다. 2. 화면을 관찰한다.","인증 오류가 에러 alert로 표시되거나 재로그인 흐름으로 연결된다(앱 정책에 따름).","예외","P1","","인증 처리는 데이터파트 연계"
"FE-AD-007","경매상세","경매상세 진입/로딩","다크모드","다크모드에서 전체 화면 색상 정상 렌더","시스템 다크모드 ON","1. 다크모드로 설정한다. 2. 상세 화면 전체를 스크롤하며 확인한다.","텍스트/배경/divider/칩 색상이 깨지거나 가독성을 잃지 않고 정상 표시된다.","경계","P2","",""
"FE-AD-008","경매상세","상단 툴바","뒤로가기","뒤로가기 버튼 탭 시 이전 화면으로 복귀","상세 화면 진입 상태","1. 좌상단 화살표(뒤로) 버튼을 탭한다.","dismiss가 호출되어 직전 화면으로 pop/dismiss 된다.","정상","P0","",""
"FE-AD-009","경매상세","상단 툴바","주소 타이틀","긴 주소 타이틀 1줄 말줄임 처리","매우 긴 salesAddress 데이터","1. 주소가 긴 매물 상세에 진입한다. 2. 툴바 가운데 주소 텍스트를 확인한다.","주소가 1줄로 제한되고 넘치는 부분은 말줄임(...)으로 잘려 레이아웃이 깨지지 않는다.","경계","P2","",""
"FE-AD-010","경매상세","상단 툴바","공유 진입","공유 버튼 탭 시 공유 바텀시트 표시","상세 진입 상태","1. 우상단 공유 아이콘을 탭한다.","하단에서 공유 바텀시트(공유하기)가 올라온다.","정상","P1","",""
"FE-AD-011","경매상세","공유 바텀시트","시트 렌더","공유 바텀시트 옵션 표시","공유 버튼 탭으로 시트 열림","1. 공유 바텀시트를 연다. 2. 항목을 확인한다.","'공유하기' 제목과 '링크로 직접 공유하기', '카카오톡으로 공유하기' 두 행이 아이콘과 함께 표시된다.","정상","P1","",""
"FE-AD-012","경매상세","공유 바텀시트","링크 공유","링크로 공유 선택 시 시스템 공유시트 노출","공유 바텀시트 열림","1. '링크로 직접 공유하기'를 탭한다. 2. 바텀시트가 닫히는지 관찰한다.","바텀시트가 먼저 닫힌 뒤 시스템 액티비티 공유시트(주소+사건번호 텍스트 포함)가 단독으로 노출된다.","정상","P1","",""
"FE-AD-013","경매상세","공유 바텀시트","카카오 공유","카카오톡 설치 상태에서 카카오 공유 선택","카카오톡 설치됨, 공유 시트 열림","1. '카카오톡으로 공유하기'를 탭한다.","바텀시트가 닫힌 뒤 카카오톡 앱이 실행되어 공유 메시지 전송 화면으로 전환된다.","정상","P1","",""
"FE-AD-014","경매상세","공유 바텀시트","카카오 공유","카카오톡 미설치 시 Safari 폴백","카카오톡 미설치, 공유 시트 열림","1. '카카오톡으로 공유하기'를 탭한다.","카카오톡 앱 대신 Safari(웹 공유 URL)로 폴백 동작한다.","예외","P1","",""
"FE-AD-015","경매상세","공유 바텀시트","시트 닫기","옵션 선택 없이 시트를 아래로 내려 닫기","공유 바텀시트 열림","1. 바텀시트를 아래로 스와이프하여 닫는다.","아무 공유 동작도 실행되지 않고 시트만 닫혀 상세 화면으로 돌아온다.","경계","P2","",""
"FE-AD-016","경매상세","공유 바텀시트","백그라운드 복귀","카카오/Safari 공유 후 앱 복귀 시 상태 유지","공유로 외부 앱 전환 후 복귀","1. 공유를 실행해 외부 앱으로 전환한다. 2. 앱으로 돌아온다.","상세 화면이 그대로 유지되고 시트는 닫힌 상태이며 중복 공유가 발생하지 않는다.","경계","P2","",""
"FE-AD-017","경매상세","사진 페이저","이미지 로딩","사진 로딩 중 placeholder 표시","이미지 다운로드 지연","1. 상세 진입 직후 사진 영역을 관찰한다.","이미지 로드 전 회색 placeholder가 표시되고 로드 완료 시 사진으로 교체된다.","정상","P1","",""
"FE-AD-018","경매상세","사진 페이저","페이저 스와이프","여러 장 사진 좌우 스와이프 탐색","사진 2장 이상","1. 사진 영역을 좌우로 스와이프한다.","InfinitePager로 사진이 좌우로 넘어간다.","정상","P1","",""
"FE-AD-019","경매상세","사진 페이저","빈 데이터","사진 0건일 때 페이저 영역 처리","salesPictures 빈 배열","1. 사진이 없는 매물 상세에 진입한다. 2. 사진 영역을 확인한다.","페이저 영역이 빈 상태(또는 placeholder)로 표시되고 크래시 없이 아래 섹션이 정상 노출된다.","경계","P1","",""
"FE-AD-020","경매상세","사진 페이저","갤러리 진입","사진 탭 시 풀스크린 갤러리 진입","사진 1장 이상","1. 페이저의 사진을 탭한다.","탭한 사진 index부터 시작하는 풀스크린 갤러리(fullScreenCover)가 검은 배경으로 열린다.","정상","P1","",""
"FE-AD-021","경매상세","사진 페이저","갤러리 닫기","갤러리 닫기 버튼으로 종료","풀스크린 갤러리 열림","1. 우상단 X(xmark) 버튼을 탭한다.","갤러리가 닫히고 상세 화면으로 복귀한다.","정상","P1","",""
"FE-AD-022","경매상세","사진 페이저","인덱스 인디케이터","사진 1장일 때 인덱스 표시 숨김","사진 정확히 1장","1. 사진 1장 매물 갤러리를 연다. 2. 하단을 확인한다.","'1 / N' 인덱스 인디케이터가 표시되지 않는다(count>1에서만 노출).","경계","P2","",""
"FE-AD-023","경매상세","사진 페이저","갤러리 페이징","기본 배율에서 좌우 슬라이드로 사진 전환","갤러리 열림, 사진 2장 이상, 배율 1.0","1. 갤러리에서 좌우로 스와이프한다. 2. 하단 인덱스를 확인한다.","사진이 넘어가고 '현재/전체' 인덱스가 갱신된다.","정상","P2","",""
"FE-AD-024","경매상세","사진 페이저","갤러리 줌","더블탭으로 확대/원복","갤러리 열림","1. 사진을 더블탭한다. 2. 다시 더블탭한다.","첫 더블탭에 2배 확대, 두 번째 더블탭에 1배로 원복되며 offset이 초기화된다.","경계","P2","",""
"FE-AD-025","경매상세","사진 페이저","갤러리 줌","핀치 확대 시 최대 배율 제한","갤러리 열림","1. 핀치 제스처로 크게 확대한다.","확대 배율이 최대 4배에서 클램프되고 그 이상 커지지 않는다.","경계","P2","",""
"FE-AD-026","경매상세","사진 페이저","갤러리 패닝","확대 상태에서 드래그 패닝","갤러리에서 사진을 1배 초과로 확대","1. 사진을 확대한다. 2. 드래그로 이동시킨다.","확대 상태에서는 드래그로 사진이 이동(패닝)되고, 1배에서는 드래그가 좌우 페이지 전환으로 동작한다.","경계","P2","",""
"FE-AD-027","경매상세","요약정보-타이틀/관심","타이틀 폴백","건물명 없을 때 주소로 타이틀 대체","salesBuildingName이 빈 문자열","1. 건물명이 없는 매물 상세에 진입한다. 2. 요약 타이틀을 확인한다.","건물명 대신 salesAddress가 타이틀로 표시된다.","경계","P2","",""
"FE-AD-028","경매상세","요약정보-타이틀/관심","사건번호 복사","사건번호 탭 시 클립보드 복사","상세 진입 상태","1. 요약정보의 사건번호(복사 아이콘 포함) 영역을 탭한다. 2. 다른 입력란에 붙여넣기 한다.","사건번호 문자열이 클립보드에 복사되어 붙여넣기 된다.","정상","P1","",""
"FE-AD-029","경매상세","요약정보-타이틀/관심","관심(찜) 초기 상태","진입 시 현재 찜 상태/카운트 반영","해당 매물이 이미 찜 되어있는 계정","1. 상세에 진입한다. 2. 하트 아이콘과 카운트를 확인한다.","loadInterestState 결과에 따라 하트가 채워진(critical 색) 상태로, 카운트가 서버 값으로 표시된다.","정상","P1","",""
"FE-AD-030","경매상세","요약정보-타이틀/관심","관심(찜) 토글 ON","미찜 상태에서 하트 탭 시 찜 등록","로그인 상태, 미찜 매물","1. 빈 하트를 탭한다.","하트가 채워지고(critical 색) 카운트가 1 증가한다.","정상","P0","",""
"FE-AD-031","경매상세","요약정보-타이틀/관심","관심(찜) 토글 OFF","찜 상태에서 하트 탭 시 찜 해제","로그인 상태, 이미 찜한 매물","1. 채워진 하트를 탭한다.","하트가 빈 상태가 되고 카운트가 1 감소(최소 0)한다.","정상","P0","",""
"FE-AD-032","경매상세","요약정보-타이틀/관심","관심(찜) 로딩","찜 처리 중 로딩 표시 및 버튼 비활성화","찜 요청 응답 지연","1. 하트를 탭한다. 2. 처리 중 빠르게 다시 탭을 시도한다.","하트 자리에 ProgressView가 표시되고 버튼이 disabled되어 중복 요청이 막힌다.","경계","P1","",""
"FE-AD-033","경매상세","요약정보-타이틀/관심","관심(찜) 실패 롤백","찜 요청 실패 시 이전 상태로 롤백 및 알럿","찜 API 실패 유도","1. 하트를 탭한다. 2. 요청이 실패하도록 한다.","하트 상태와 카운트가 탭 이전 값으로 되돌아가고 에러 alert가 표시된다.","예외","P1","",""
"FE-AD-034","경매상세","요약정보-타이틀/관심","관심(찜) 비로그인","비로그인 상태에서 찜 시도","비로그인 상태","1. 하트를 탭한다.","찜이 반영되지 않고 인증 관련 에러 alert 또는 로그인 유도가 발생하며 상태가 롤백된다.","예외","P1","","인증 분기는 데이터파트 연계"
"FE-AD-035","경매상세","요약정보-타이틀/관심","관심(찜) 동기화","찜 변경이 다른 화면에 전파","리스트/관심목록 화면이 동일 매물 노출 중","1. 상세에서 찜을 토글한다. 2. 이전 리스트 화면으로 돌아간다.","NotificationCenter(.auctionZzimDidChange) 전파로 리스트의 찜 상태/카운트가 동기화된다.","정상","P2","","리스트 모듈 연계"
"FE-AD-036","경매상세","요약정보-칩/금액","입찰구분 칩","입찰구분 값이 없으면 칩 미표시","bidType displayName이 빈 문자열(invalid 등)","1. 해당 매물 상세에 진입한다. 2. 칩 영역을 확인한다.","입찰구분 칩이 렌더되지 않고 유찰횟수/매각상태 칩만 표시된다.","경계","P2","",""
"FE-AD-037","경매상세","요약정보-칩/금액","매각상태 칩","낙찰 완료 매물 상태 칩 표시","soldOut == true","1. 낙찰된 매물 상세에 진입한다. 2. 상태 칩을 확인한다.","'낙찰 완료' 칩이 primary 색상으로 표시된다.","정상","P1","",""
"FE-AD-038","경매상세","요약정보-칩/금액","매각상태 칩","매각기일 기준 D-day 상태 표시","미낙찰, 매각일이 미래/오늘/과거","1. 매각일이 미래인 매물에 진입한다. 2. 상태 칩 문구를 확인한다.","미래면 '매각 D-n', 당일이면 '오늘 매각', 과거면 '매각 종료'로 표시된다.","경계","P1","","날짜 값 정확성은 데이터파트 연계"
"FE-AD-039","경매상세","요약정보-칩/금액","감정가 대비","감정가 대비 차액 색상/문구 표시","최저매각가와 감정가 데이터 존재","1. 상세에 진입한다. 2. 금액카드의 '감정가대비' 문구와 색상을 확인한다.","차액이 0 이하면 primary 색, 양수면 critical 색으로 표시되고 0이면 '감정가와 동일'로 표시된다.","경계","P2","","금액 값 정확성은 데이터파트 연계"
"FE-AD-040","경매상세","경매정보/권리분석 탭","탭 기본 선택","진입 시 경매정보 탭이 기본 선택","상세 진입 상태","1. 탭 영역을 확인한다.","'경매정보' 탭이 기본 선택되어 한눈에보기 카드가 노출된다.","정상","P1","",""
"FE-AD-041","경매상세","경매정보/권리분석 탭","탭 전환","권리분석 탭으로 전환","경매정보 탭 표시 중","1. '권리분석' 탭을 탭한다.","권리분석 화면(임차인 수/칩/상세카드)으로 전환되고 언더라인 인디케이터가 이동한다.","정상","P1","",""
"FE-AD-042","경매상세","경매정보/권리분석 탭","한눈에보기","경매구분 비노출 케이스 표시","caseName이 강제/임의경매가 아닌 매물","1. 경매정보 탭에서 '경매구분' 카드를 확인한다.","displayCaseName 규칙에 따라 '-'로 표시된다(공유물분할/형식적경매 등 비노출).","경계","P2","",""
"FE-AD-043","경매상세","경매정보/권리분석 탭","권리분석 빈 상태","권리분석 데이터 없을 때 빈 안내","rightsAnalysis 빈 배열","1. 권리분석 탭으로 전환한다.","'권리분석 정보가 없습니다' 안내 문구가 표시되고 칩/상세카드는 렌더되지 않는다(임차인 수 0).","경계","P1","",""
"FE-AD-044","경매상세","경매정보/권리분석 탭","임차인 칩 선택","임차인 칩 선택 시 상세카드 갱신","권리분석 임차인 2명 이상","1. 권리분석 탭에서 두 번째 임차인 칩을 탭한다.","선택 칩에 checkmark 표시, 하단 상세카드(대항력/전입신고일/보증금 등)가 선택 임차인 정보로 갱신된다.","정상","P1","",""
"FE-AD-045","경매상세","경매정보/권리분석 탭","임차인 칩 스크롤","임차인 칩 가로 스크롤","임차인 다수","1. 권리분석 탭에서 칩 영역을 좌우로 스크롤한다.","가로 스크롤로 가려진 칩들이 노출되고 스크롤 인디케이터는 숨김 처리된다.","정상","P2","",""
"FE-AD-046","경매상세","경매정보/권리분석 탭","선택 인덱스 리셋","탭/데이터 갱신 시 선택 인덱스 초기화","권리분석에서 2번째 이후 칩 선택 상태","1. 임차인 칩을 선택한다. 2. 탭을 떠났다 다시 권리분석으로 돌아오거나 데이터가 갱신된다.","onAppear/onChange로 selectedIndex가 0으로 리셋되어 첫 임차인이 선택된다.","경계","P2","",""
"FE-AD-047","경매상세","경매 히스토리","기본 정보행","경매 개시/배당종기/현황조사일 표시","상세 진입 상태","1. 경매 히스토리 섹션으로 스크롤한다.","'경매개시일','배당종기일','현황조사일' 행이 날짜 값과 함께 표시된다.","정상","P2","","날짜 값 정확성은 데이터파트 연계"
"FE-AD-048","경매상세","경매 히스토리","접힘/펼침","기본 접힘 상태에서 최신 1건만 노출","히스토리 2건 이상","1. 히스토리 섹션을 확인한다.","기본적으로 최신 1건만 보이고 하단에 그라데이션 페이드와 펼치기(아래 화살표) 버튼이 표시된다.","정상","P1","",""
"FE-AD-049","경매상세","경매 히스토리","접힘/펼침","펼치기 버튼 탭 시 전체 히스토리 노출","히스토리 2건 이상, 접힌 상태","1. 펼치기 버튼을 탭한다.","애니메이션과 함께 전체 히스토리 행이 펼쳐지고 화살표가 위 방향으로 바뀐다.","정상","P1","",""
"FE-AD-050","경매상세","경매 히스토리","펼치기 비활성","히스토리 1건 이하일 때 펼치기 버튼 비활성","히스토리 1건 또는 0건","1. 히스토리 섹션의 펼치기 버튼을 탭한다.","버튼이 disabled되어 동작하지 않는다(items.count>1에서만 활성).","경계","P1","",""
"FE-AD-051","경매상세","경매 히스토리","빈 데이터","히스토리 0건일 때 카드 처리","salesDetails 빈 배열","1. 히스토리가 없는 매물 상세에 진입한다. 2. 히스토리 섹션을 확인한다.","히스토리 카드가 빈 상태로 표시되고 펼치기 버튼은 비활성, 크래시가 없다.","경계","P1","",""
"FE-AD-052","경매상세","경매 히스토리","최신 뱃지","최신 회차 행에 '최신' 뱃지 표시","히스토리 1건 이상","1. 히스토리 첫 행을 확인한다.","가장 최신 행(idx 0)에 파란 '최신' 뱃지와 'n차 | 날짜'가 표시된다.","정상","P2","",""
"FE-AD-053","경매상세","경매 히스토리","결과 툴팁","결과 info 버튼 탭 시 설명 팝오버 표시","infoDescription이 있는 결과(예정/매각/유찰 등)","1. 결과 우측 info 아이콘을 탭한다.","기일종류 설명이 담긴 popover 말풍선이 표시된다.","정상","P2","",""
"FE-AD-054","경매상세","경매 히스토리","결과 툴팁","설명 없는 결과는 info 버튼 미표시","infoDescription이 nil인 결과(invalid/other)","1. 해당 결과를 가진 히스토리 행을 확인한다.","결과 텍스트만 표시되고 info 아이콘 버튼은 렌더되지 않는다.","경계","P2","",""
"FE-AD-055","경매상세","법원정보/지도","법원정보 행","관할법원/담당/매각장소/매각기일 표시","상세 진입 상태","1. 법원정보 섹션으로 스크롤한다.","관할법원, 담당, 매각장소, 매각기일 행이 값과 함께 표시된다.","정상","P2","","값 정확성은 데이터파트 연계"
"FE-AD-056","경매상세","법원정보/지도","매각비고","매각비고 비어있을 때 행 숨김","salesNote가 공백/빈 문자열","1. 법원정보 섹션을 확인한다.","'매각비고' 행이 렌더되지 않는다(내용 있을 때만 노출).","경계","P2","",""
"FE-AD-057","경매상세","법원정보/지도","지도 로딩","좌표 조회 중 로딩 placeholder 표시","좌표 지오코딩 지연","1. 상세 진입 직후 '물건 위치' 영역을 확인한다.","회색 박스 안에 ProgressView와 '위치 정보를 불러오는 중이에요' 문구가 표시된다.","경계","P1","",""
"FE-AD-058","경매상세","법원정보/지도","지도 좌표 없음","좌표를 찾지 못한 경우 안내 표시","embedded 좌표 없음 + 지오코딩 실패","1. 좌표를 못 찾는 매물 상세에 진입한다. 2. '물건 위치' 영역을 확인한다.","회색 박스에 '표시할 위치 정보를 찾지 못했어요' 문구가 표시되고 지도/버튼은 노출되지 않는다.","경계","P1","",""
"FE-AD-059","경매상세","법원정보/지도","지도 프리뷰","좌표 확보 시 지도 미리보기 표시","유효 좌표 확보","1. 법원정보 섹션의 지도 영역을 확인한다.","높이 120의 지도 미리보기가 모서리 라운드로 표시된다.","정상","P1","",""
"FE-AD-060","경매상세","법원정보/지도","전체 지도","지도 프리뷰 탭 시 풀스크린 지도 진입","유효 좌표 확보","1. 지도 미리보기를 탭한다.","풀스크린(fullScreenCover) 지도가 좌표 기준으로 열린다.","정상","P1","",""
"FE-AD-061","경매상세","법원정보/지도","전체 지도","풀스크린 지도 닫기 버튼으로 종료","풀스크린 지도 열림","1. 우상단 닫기(close) 버튼을 탭한다.","풀스크린 지도가 닫히고 상세 화면으로 복귀한다.","정상","P1","",""
"FE-AD-062","경매상세","목록 상세내역","섹션 노출 조건","목록 상세내역이 없으면 섹션 자체 숨김","salesItemDetails 빈 배열","1. 목록 상세가 없는 매물 상세에서 하단까지 스크롤한다.","'목록 상세내역' 섹션과 상단 divider가 모두 렌더되지 않는다.","경계","P1","",""
"FE-AD-063","경매상세","목록 상세내역","목록 표시","목록 상세내역 항목 표시","salesItemDetails 1건 이상","1. 하단 '목록 상세내역' 섹션을 확인한다.","각 항목의 유형(타입) 라벨과 내용 텍스트가 순서대로 표시된다.","정상","P2","",""
"FE-AD-064","경매상세","목록 상세내역","타입 빈 값","항목 유형이 빈 문자열이면 유형 라벨 숨김","item.type displayName이 빈 문자열(invalid 등)","1. 목록 상세내역 항목을 확인한다.","유형 라벨 없이 내용 텍스트만 표시된다.","경계","P2","",""
"FE-AD-065","경매상세","목록 상세내역","긴 텍스트","긴 내용 텍스트 오버플로우 처리","매우 긴 content 데이터","1. 긴 내용을 가진 목록 항목을 확인한다.","텍스트가 줄바꿈되어 화면 밖으로 넘치거나 잘리지 않고 레이아웃이 유지된다.","경계","P2","",""
"FE-SC-001","검색","검색 네비게이션바","검색 입력창","검색 화면 최초 진입 시 placeholder가 표시된다","검색 화면 진입, 검색어 미입력","1. 검색 화면에 진입한다 2. 상단 입력창을 확인한다","입력창이 비어 있고 placeholder1, placeholder2가 콤마로 연결되어 회색 텍스트로 노출된다","정상","P1","",""
"FE-SC-002","검색","검색 네비게이션바","닫기","닫기 버튼 탭 시 루트로 이동한다","검색 화면 진입","1. 우측 상단 '닫기' 버튼을 탭한다","coordinator.popToRoot가 실행되어 루트 화면으로 빠져나간다","정상","P0","",""
"FE-SC-003","검색","검색 네비게이션바","뒤로가기","좌측 화살표 버튼 탭 시 이전 화면으로 pop한다","검색 화면 진입","1. 좌측 상단 화살표 버튼을 탭한다","coordinator.pop이 실행되어 직전 화면으로 돌아간다","정상","P0","",""
"FE-SC-004","검색","검색 네비게이션바","검색 실행","검색어 입력 후 키보드 검색 시 검색이 실행된다","검색어 한 글자 이상 입력","1. 입력창에 검색어를 입력한다 2. 키보드의 검색(.search) 버튼을 탭한다","화면이 검색결과(userSearched)로 전환되고 로딩 후 결과 리스트가 표시된다","정상","P0","",""
"FE-SC-005","검색","검색 네비게이션바","입력 중 화면전환","텍스트 입력을 시작하면 추천검색 화면으로 전환된다","검색어 빈 상태(최근검색어 화면)","1. 입력창에 한 글자를 입력한다","화면이 추천검색(recommandSearching)으로 전환되며 기존 필터/결과가 초기화되고 본문은 빈 영역(EmptyView)으로 렌더링된다","정상","P1","","추천검색 영역은 코드상 EmptyView로 비어 있음"
"FE-SC-006","검색","검색 네비게이션바","입력 중 화면전환","입력 텍스트를 모두 지우면 최근검색어 화면으로 복귀한다","검색어가 입력되어 있는 상태","1. 입력 텍스트를 전부 삭제해 빈 문자열로 만든다","화면이 최근검색어(latestSearchedText)로 복귀하고 최근검색어 목록이 표시된다","경계","P1","",""
"FE-SC-007","검색","검색 네비게이션바","최근검색어 선택 분기","최근검색어 탭으로 채워진 입력은 추천검색으로 전환되지 않는다","최근검색어 목록 존재","1. 최근검색어 항목을 탭한다 2. 입력창과 화면 상태를 확인한다","isSelectingRecentSearch 플래그로 인해 추천검색 전환 없이 곧바로 검색결과 화면이 표시된다","경계","P1","","isSelectingRecentSearch 분기 검증"
"FE-SC-008","검색","검색 네비게이션바","검색 실행","검색 버튼 연타(중복 탭) 시 검색이 중복 실행되지 않는다","검색어 입력 상태","1. 검색을 실행한다 2. 즉시 키보드 검색을 연속으로 여러 번 누른다","화면이 깨지지 않고 결과가 정상 표시된다(중복 요청으로 인한 깜빡임/크래시 없음)","경계","P2","","디바운스 없음 - 동작 확인"
"FE-SC-009","검색","검색 네비게이션바","입력 오버플로우","매우 긴 검색어 입력 시 레이아웃이 유지된다","검색 화면 진입","1. 매우 긴 문자열을 입력창에 입력한다","TextField 내에서 한 줄로 가로 스크롤되며 네비게이션바 레이아웃이 깨지지 않는다","경계","P2","",""
"FE-SC-010","검색","최근검색어","목록 표시","저장된 최근검색어가 있으면 목록이 표시된다","로컬에 저장된 최근검색어 존재","1. 검색 화면에 진입한다(입력 없음)","'최근 검색어' 헤더와 '전체삭제' 버튼, 각 항목(시계 아이콘+텍스트+X 버튼)이 표시된다","정상","P1","",""
"FE-SC-011","검색","최근검색어","빈 상태","최근검색어가 없으면 빈 상태 뷰가 표시된다","저장된 최근검색어 없음","1. 검색 화면에 진입한다","'최근 검색 내역이 없어요' 문구와 dot3Circle 아이콘이 중앙에 표시된다","예외","P1","",""
"FE-SC-012","검색","최근검색어","항목 탭","최근검색어 항목 탭 시 해당 검색어로 검색된다","최근검색어 목록 존재","1. 최근검색어 항목 텍스트를 탭한다","입력창이 해당 검색어로 채워지고 검색이 실행되어 결과 화면이 표시된다","정상","P0","",""
"FE-SC-013","검색","최근검색어","개별 삭제","항목의 X 버튼 탭 시 해당 검색어만 삭제된다","최근검색어 2개 이상 존재","1. 특정 항목 우측의 X(close) 버튼을 탭한다","해당 항목만 목록에서 제거되고 나머지는 유지된다","정상","P1","",""
"FE-SC-014","검색","최근검색어","전체 삭제","전체삭제 버튼 탭 시 모든 최근검색어가 제거된다","최근검색어 목록 존재","1. '전체삭제' 버튼을 탭한다","목록이 모두 제거되고 빈 상태 뷰('최근 검색 내역이 없어요')로 전환된다","정상","P1","",""
"FE-SC-015","검색","최근검색어","최대 보관 개수","최근검색어는 최대 10개까지만 유지된다","이미 10개의 최근검색어 저장","1. 새로운 검색어로 검색을 실행한다 2. 최근검색어 목록 개수를 확인한다","최신 검색어가 맨 위에 추가되고 가장 오래된 항목이 제거되어 총 10개가 유지된다","경계","P2","","데이터파트 연계(저장 로직 prefix 10)"
"FE-SC-016","검색","최근검색어","중복 처리","기존 검색어 재검색 시 중복 없이 최상단으로 이동한다","목록에 동일 검색어 존재","1. 목록에 있는 검색어와 동일하게 재검색한다 2. 목록을 확인한다","중복 항목 없이 해당 검색어가 목록 맨 위로 이동한다","경계","P2","",""
"FE-SC-017","검색","최근검색어","공백 검색 저장","공백만 입력 후 검색 시 최근검색어에 저장되지 않는다","검색 화면 진입","1. 공백 문자만 입력한다 2. 검색을 실행한다 3. 최근검색어를 확인한다","trim 후 빈 값으로 판단되어 최근검색어에 저장되지 않는다","예외","P2","",""
"FE-SC-018","검색","검색결과리스트","로딩 상태","검색 실행 시 로딩 인디케이터가 표시된다","검색어 입력","1. 검색을 실행한다","로딩 오버레이(.loading)가 표시되고 응답 수신 후 사라지며 결과가 렌더링된다","정상","P0","",""
"FE-SC-019","검색","검색결과리스트","결과 표시","검색 결과가 있으면 매물 리스트가 표시된다","결과가 존재하는 검색어","1. 결과가 있는 검색어로 검색한다","세로 ScrollView에 매물 셀 목록이 표시된다","정상","P0","",""
"FE-SC-020","검색","검색결과리스트","빈 결과","결과 0건이고 필터 미적용 시 검색결과 없음 뷰가 표시된다","검색 결과 0건, 필터 미적용","1. 결과가 없는 검색어로 검색한다","'검색 결과가 없어요' + '검색어를 한 글자 이상 작성해주세요' 문구와 infoLine 아이콘이 표시된다","예외","P0","",""
"FE-SC-021","검색","검색결과리스트","필터 후 빈 결과","필터 적용 후 결과 0건이면 본문이 빈 영역으로 표시된다","필터가 적용된 상태에서 결과 0건","1. 검색 후 필터를 적용해 결과를 0건으로 만든다 2. 본문 영역을 확인한다","필터바와 정렬바는 유지되고 리스트 영역만 빈 화면(EmptyView)으로 표시된다(검색결과없음 뷰와 다른 분기)","예외","P1","","NoSearchResultView가 아닌 EmptyView 분기"
"FE-SC-022","검색","검색결과리스트","에러 처리","검색 중 네트워크/서버 에러 시 alert가 표시된다","네트워크 끊김 또는 서버 에러 상황","1. 검색을 실행한다","에러 alert가 노출되고 로딩이 종료된다","예외","P0","","데이터파트 연계(에러 응답)"
"FE-SC-023","검색","검색결과리스트","네트워크 지연","네트워크 지연 시 로딩 상태가 유지된다","네트워크 응답 지연","1. 검색을 실행한다 2. 응답이 늦게 오는 상황을 본다","응답 수신 전까지 로딩 인디케이터가 유지되고 빈 화면 깜빡임이 없다","경계","P2","",""
"FE-SC-024","검색","검색결과리스트","상세 이동","매물 셀 탭 시 경매 상세 화면으로 이동한다","검색 결과 리스트 표시","1. 임의의 매물 셀을 탭한다","coordinator.push(.auctionDetail)로 해당 매물 상세 화면으로 이동한다","정상","P0","",""
"FE-SC-025","검색","검색결과리스트","상태 보존","상세 진입 후 복귀 시 검색 결과 상태가 보존된다","검색 결과 표시 상태","1. 매물 셀을 탭해 상세로 진입한다 2. 뒤로가기로 검색 화면에 복귀한다","검색어, 결과 리스트, 적용 필터, 스크롤 위치가 유지된 채 복귀한다","경계","P1","","@State 보존 검증"
"FE-SC-026","검색","검색결과리스트","무한스크롤","결과 리스트 끝까지 스크롤해도 추가 로딩이 동작하지 않는다","검색 결과 다수 존재","1. 리스트를 맨 아래까지 스크롤한다","추가 페이지 로딩이 트리거되지 않는다(다음 페이지 미호출)","경계","P2","","loadMoreAuctionSales 코드는 존재하나 UI에 미연결 - 무한스크롤 미작동"
"FE-SC-027","검색","검색결과리스트","당겨서 새로고침","리스트를 아래로 당겨도 새로고침이 동작하지 않는다","검색 결과 표시 상태","1. 결과 리스트를 위에서 아래로 당긴다","refreshable 미구현으로 새로고침 동작이 일어나지 않는다","경계","P2","","pull-to-refresh 미구현"
"FE-SC-028","검색","매물셀","찜 버튼","매물 셀의 찜 버튼을 탭해도 동작이 없다","검색 결과 리스트 표시","1. 셀 내 하트(찜) 버튼을 탭한다","onZzim 클로저가 빈 구현이라 아무 동작/상태변화가 없다","예외","P2","","onZzim 빈 클로저 - 찜 기능 미구현"
"FE-SC-029","검색","매물셀","D-day 뱃지","매각 여부에 따라 셀 뱃지가 다르게 표시된다","매각/진행 매물이 섞인 결과","1. 결과 리스트의 매물 썸네일 좌상단 뱃지를 확인한다","매각 건은 '매각', 진행 건은 D+/D- 형식의 잔여일 뱃지가 표시된다","정상","P2","","데이터파트 연계(값 정확성)"
"FE-SC-030","검색","매물셀","긴 텍스트 오버플로우","긴 주소가 셀 레이아웃을 깨지 않는다","주소가 긴 매물 포함","1. 주소가 긴 매물 셀을 확인한다","주소가 여러 줄로 표시되고 가격/뱃지/찜 영역 레이아웃이 유지된다","경계","P2","",""
"FE-SC-031","검색","검색 필터바","가로 스크롤","필터 칩을 가로로 스크롤할 수 있다","검색결과 화면 표시","1. 필터 칩 영역을 좌우로 스와이프한다","인증매물/건물용도/경매상태/가격/낙찰 칩이 가로 스크롤로 모두 노출된다","정상","P1","",""
"FE-SC-032","검색","검색 필터바","인증매물 토글","인증매물 칩 탭 시 토글되고 결과가 갱신된다","검색결과 화면 표시","1. '인증매물' 칩을 탭한다","isCertified가 토글되어 칩이 활성 스타일로 바뀌고 결과가 재로드된다","정상","P1","",""
"FE-SC-033","검색","검색 필터바","낙찰 토글","낙찰 칩 탭 시 토글되고 결과가 갱신된다","검색결과 화면 표시","1. '낙찰' 칩을 탭한다","isBidWon이 토글되어 칩 스타일이 변하고 결과가 재로드된다","정상","P1","",""
"FE-SC-034","검색","검색 필터바","활성 강조","활성화된 필터 칩이 시각적으로 강조된다","필터 하나 이상 활성화","1. 필터를 활성화한 뒤 칩 스타일을 확인한다","활성 칩은 배경(neutral)+흰 텍스트, 비활성 칩은 외곽선+기본 텍스트로 구분된다","정상","P2","",""
"FE-SC-035","검색","검색 필터바","인증매물 아이콘","인증매물 칩에 좌측 아이콘이 표시된다","검색결과 화면 표시","1. 인증매물 칩을 확인한다","인증매물 칩 좌측에 certified 아이콘이 노출된다","정상","P2","",""
"FE-SC-036","검색","검색 필터바","건물용도 시트 열기","건물용도 칩 탭 시 건물용도 필터 바텀시트가 열린다","검색결과 화면 표시","1. '건물용도' 칩을 탭한다","건물용도 필터 바텀시트(dynamicSheet)가 표시된다","정상","P0","",""
"FE-SC-037","검색","검색 필터바","경매상태 시트 열기","경매상태 칩 탭 시 경매상태 필터 바텀시트가 열린다","검색결과 화면 표시","1. '경매상태' 칩을 탭한다","경매상태 필터 바텀시트가 표시된다","정상","P0","",""
"FE-SC-038","검색","검색 필터바","가격 시트 열기","가격 칩 탭 시 가격 필터 바텀시트가 열린다","검색결과 화면 표시","1. '가격' 칩을 탭한다","가격 필터 바텀시트가 표시된다","정상","P0","",""
"FE-SC-039","검색","검색 필터바","시트 닫힘 재로드","필터 시트를 닫으면 결과가 재로드된다","필터 시트가 열려 있음","1. 필터 시트에서 값을 변경한다 2. 시트를 아래로 스와이프해 닫는다","onDismiss로 refreshData가 호출되어 결과 리스트가 재로드된다","정상","P1","",""
"FE-SC-040","검색","검색 필터바","다중선택 타이틀","다중선택 필터의 칩 타이틀이 '외 N' 형식으로 표시된다","건물용도 또는 경매상태 2개 이상 선택","1. 다중선택 필터에서 2개 이상 선택 2. 필터바 칩 텍스트를 확인한다","첫 선택명과 함께 '외 N' 형태의 다중선택 타이틀이 표시된다","경계","P2","",""
"FE-SC-041","검색","검색 필터바","가격 타이틀","가격 필터 적용 시 칩 타이틀이 이상/이하 형식으로 표시된다","가격 필터 적용","1. 가격 범위를 설정한다 2. 가격 칩 텍스트를 확인한다","'N 이상 M 이하' 또는 '이상'/'이하' 단일 형식으로 타이틀이 표시된다","경계","P2","","데이터파트 연계(금액 표기)"
"FE-SC-042","검색","정렬바","매물 개수","정렬바에 현재 매물 개수가 표시된다","검색 결과 표시","1. 정렬바 좌측의 매물 개수 영역을 확인한다","'매물 {filteredItemCount}' 형태로 개수가 표시된다","정상","P1","",""
"FE-SC-043","검색","정렬바","정렬 시트 열기","정렬 버튼 탭 시 정렬 바텀시트가 열린다","검색 결과 표시, 정렬 옵션 존재","1. 정렬바 우측의 정렬 버튼을 탭한다","정렬 바텀시트가 표시된다","정상","P1","",""
"FE-SC-044","검색","정렬바","정렬 버튼 노출","정렬 옵션이 없으면 정렬 버튼이 표시되지 않는다","currentAuctionFilter.sort가 nil","1. 정렬 옵션이 없는 상태에서 정렬바를 확인한다","정렬 버튼이 노출되지 않고 매물 개수만 표시된다","경계","P2","",""
"FE-SC-045","검색","정렬 바텀시트","옵션 표시","정렬 옵션 목록과 현재 선택값 체크가 표시된다","정렬 시트 열림","1. 정렬 시트의 옵션 목록을 확인한다","검색옵션 목록이 표시되고 현재 선택된 정렬 옵션 우측에 체크 아이콘이 표시된다","정상","P1","",""
"FE-SC-046","검색","정렬 바텀시트","정렬 선택","정렬 옵션 선택 시 재로드 후 시트가 닫힌다","정렬 시트 열림","1. 임의의 정렬 옵션을 탭한다","선택한 정렬로 결과가 재로드되고 시트가 닫힌다","정상","P0","",""
"FE-SC-047","검색","건물용도 필터시트","칩 다중선택","건물용도 칩을 다중 선택할 수 있다","건물용도 시트 열림, 옵션 존재","1. 여러 건물용도 칩을 선택한다","선택한 칩들이 활성 상태로 표시되고 다중선택이 유지된다","정상","P1","",""
"FE-SC-048","검색","건물용도 필터시트","디바운스 재로드","칩 선택 후 0.5초 디바운스 뒤 매물 개수가 갱신된다","건물용도 시트 열림","1. 칩을 선택한다 2. 약 0.5초 대기한다","0.5초 후 결과가 재로드되어 'N개 매물 보기' 버튼의 개수가 갱신된다","경계","P1","",""
"FE-SC-049","검색","건물용도 필터시트","디바운스 취소","빠르게 연속 선택 시 이전 로드 작업이 취소된다","건물용도 시트 열림","1. 0.5초 이내로 칩을 여러 번 빠르게 토글한다","이전 reloadTask가 취소되고 마지막 선택 기준으로 한 번만 재로드된다","경계","P2","",""
"FE-SC-050","검색","건물용도 필터시트","매물 보기 버튼","'N개 매물 보기' 버튼 탭 시 시트가 닫힌다","건물용도 시트 열림","1. 'N개 매물 보기' 버튼을 탭한다","onClosed가 호출되어 시트가 닫히고 검색결과에 필터가 반영된다","정상","P1","",""
"FE-SC-051","검색","건물용도 필터시트","작업 취소","시트를 빠르게 닫으면 진행 중 로드 작업이 취소된다","칩 선택 직후(디바운스 진행 중) 시트 닫기","1. 칩을 선택한다 2. 0.5초 이내 시트를 닫는다","onDisappear에서 reloadTask가 취소되어 불필요한 로드가 발생하지 않는다","경계","P2","",""
"FE-SC-052","검색","경매상태 필터시트","칩 다중선택","경매상태 칩을 다중 선택하면 개수가 디바운스 후 갱신된다","경매상태 시트 열림, 옵션 존재","1. 여러 경매상태 칩을 선택한다 2. 0.5초 대기한다","선택 칩이 활성화되고 0.5초 뒤 'N개 매물 보기' 개수가 갱신된다","정상","P1","",""
"FE-SC-053","검색","경매상태 필터시트","매물 보기 버튼","'N개 매물 보기' 버튼 탭 시 시트가 닫힌다","경매상태 시트 열림","1. 'N개 매물 보기' 버튼을 탭한다","onClosed로 시트가 닫히고 검색결과에 필터가 반영된다","정상","P1","",""
"FE-SC-054","검색","가격 필터시트","슬라이더 초기값","가격 시트 진입 시 현재 가격 범위로 슬라이더가 초기화된다","가격 시트 열림","1. 가격 시트에 진입한다 2. 슬라이더 위치를 확인한다","기존 minimumPrice~maximumPrice(미설정 시 0~20억) 범위로 슬라이더가 표시된다","정상","P1","",""
"FE-SC-055","검색","가격 필터시트","첫 진입 미재로드","가격 시트 첫 진입 시에는 재로드가 발생하지 않는다","가격 시트 최초 진입","1. 가격 시트에 진입만 하고 슬라이더를 조작하지 않는다","isFirstEnter 가드로 인해 초기 진입 시 결과 재로드가 발생하지 않는다","경계","P2","",""
"FE-SC-056","검색","가격 필터시트","슬라이더 조정","슬라이더 조정 시 0.5초 뒤 결과와 개수가 갱신된다","가격 시트 열림","1. 슬라이더 핸들을 드래그해 범위를 변경한다 2. 0.5초 대기한다","minimum/maximumPrice가 갱신되고 0.5초 후 결과가 재로드되어 'N개 매물 보기' 개수가 갱신된다","경계","P1","",""
"FE-SC-057","검색","가격 필터시트","매물 보기 버튼","'N개 매물 보기' 버튼 탭 시 시트가 닫힌다","가격 시트 열림","1. 'N개 매물 보기' 버튼을 탭한다","onComplete로 시트가 닫히고 검색결과에 가격 필터가 반영된다","정상","P1","",""
"FE-SC-058","검색","검색 진입/세션","비로그인 사용","비로그인 상태에서도 검색 화면을 사용할 수 있다","비로그인 상태","1. 비로그인 상태로 검색 화면에 진입한다 2. 검색을 실행한다","별도 로그인 게이팅 없이 검색 화면 진입 및 검색이 가능하다","정상","P2","","모듈 내 로그인 게이팅 코드 없음"
"FE-SC-059","검색","검색 진입/세션","포그라운드 복귀","백그라운드 전환 후 복귀 시 검색 상태가 보존된다","검색 결과/필터 표시 상태","1. 앱을 백그라운드로 보낸다 2. 다시 포그라운드로 복귀한다","검색어, 결과, 적용 필터 등 화면 상태가 유지된다","경계","P2","",""
"FE-SC-060","검색","검색 진입/세션","토큰 만료","토큰 만료 상태에서 검색 시 에러 처리가 노출된다","인증 토큰 만료","1. 토큰이 만료된 상태에서 검색을 실행한다","에러 alert가 노출되거나 재로그인 플로우로 연결된다","예외","P2","","데이터파트 연계(인증/토큰 갱신)"
"FE-SC-061","검색","검색결과리스트","다크모드","다크모드에서 검색결과/필터 UI가 정상 표시된다","시스템 다크모드 활성","1. 다크모드로 전환한다 2. 검색결과/필터바/시트를 확인한다","텍스트/배경/아이콘 색상이 가독성 있게 표시되고 레이아웃이 깨지지 않는다","경계","P2","","Asset.Colors 기반 - 디자인 토큰 적용 확인"
"FE-MP-001","지도","물건 위치 지도 미리보기","미리보기 렌더링","좌표 정상 시 물건 위치 미리보기 지도와 중심 핀이 표시된다","경매 상세 진입, mapCoordinate 존재(not nil), 로딩 완료","1. 경매 상세 화면 진입 2. '물건 위치' 섹션까지 스크롤 3. 미리보기 영역 확인","높이 120pt, 모서리 라운드(12) 클리핑된 지도 미리보기가 렌더되고, 물건 좌표 중심에 핀(Place 이미지, 핀 바닥이 좌표에 닿게) 표시","정상","P1","","mapCoordinate는 AuctionDetail에서 주입(데이터파트 연계)"
"FE-MP-002","지도","물건 위치 지도 미리보기","로딩 상태","좌표 조회 중에는 로딩 인디케이터와 안내 문구가 표시된다","isLoadingMapCoordinate=true (좌표 조회 진행 중)","1. 경매 상세 진입 직후 '물건 위치' 섹션 확인","회색 라운드 박스 안에 ProgressView와 '위치 정보를 불러오는 중이에요' 문구 표시, 지도/핀 미렌더","경계","P1","","placeholder는 AuctionDetailCourtInfoView 소속"
"FE-MP-003","지도","물건 위치 지도 미리보기","빈 상태","좌표가 없으면 '표시할 위치 정보를 찾지 못했어요' 안내가 표시된다","mapCoordinate=nil, isLoadingMapCoordinate=false","1. 좌표 없는 매물의 경매 상세 진입 2. '물건 위치' 섹션 확인","회색 라운드 박스에 '표시할 위치 정보를 찾지 못했어요' 안내만 표시, 지도/핀/ProgressView 미표시","예외","P1","","좌표 nil 여부는 데이터파트 연계"
"FE-MP-004","지도","물건 위치 지도 미리보기","전체지도 열기","미리보기 지도를 탭하면 전체화면 지도가 열린다","mapCoordinate 존재(미리보기가 버튼으로 렌더됨)","1. '물건 위치' 미리보기 지도 탭","fullScreenCover로 전체 지도가 ignoresSafeArea로 표시되고 우상단에 닫기(X) 버튼 노출","정상","P0","",""
"FE-MP-005","지도","물건 위치 지도 미리보기","전체지도 열기","빈 상태(placeholder)에서는 탭해도 전체지도가 열리지 않는다","mapCoordinate=nil (placeholder가 Button이 아닌 RoundedRectangle로 렌더)","1. '표시할 위치 정보를 찾지 못했어요' 영역 탭","탭 반응 없음, fullScreenCover 미표시(placeholder는 버튼이 아님)","예외","P2","",""
"FE-MP-006","지도","전체화면 지도","지도 진입 렌더링","전체지도 진입 시 물건 좌표 중심 지도와 중심 핀이 표시된다","미리보기 탭으로 전체지도(fullScreenCover) 진입","1. 미리보기 탭 2. 전체 지도 로딩 대기 3. 화면 확인","물건 좌표를 중심으로 지도 표시, Place 중심 핀 노출, onAppear로 setDrawMap(true) 호출되어 지도 draw 시작","정상","P0","",""
"FE-MP-007","지도","전체화면 지도","카메라 첫 중심 이동","진입 후 약 0.5초 뒤 카메라가 물건 좌표로 이동한다","전체지도 진입","1. 전체지도 진입 2. 진입 직후~0.5초 사이 화면 관찰","updateUIView의 0.5초 딜레이 후 엔진 activate 및 setCameraFirst로 카메라가 물건 좌표로 이동. 진입 직후 짧은 빈 지도(타일) 가능하나 곧 중심 이동","경계","P1","","0.5초 타이밍 딜레이 코드 존재(updateUIView)"
"FE-MP-008","지도","전체화면 지도","카메라 첫 진입 1회성","사용자가 지도를 이동한 뒤 재렌더되어도 강제 중심은 최초 1회만 적용된다","전체지도 진입 후 지도를 드래그해 다른 위치로 이동","1. 전체지도 진입(자동 중심) 2. 지도를 다른 위치로 드래그 3. 화면 갱신 트리거 관찰","setCameraFirst의 isFirstEntry guard로 최초 1회만 물건 좌표 강제 중심, 이후에는 사용자가 이동한 위치 유지(강제 재중심 안 됨)","경계","P2","",""
"FE-MP-009","지도","전체화면 지도","지도 닫기","우상단 닫기(X) 버튼을 탭하면 전체지도가 닫힌다","전체지도(fullScreenCover) 표시 중","1. 우상단 닫기(X) 버튼 탭","fullScreenCover가 dismiss되고 경매 상세 '물건 위치' 섹션으로 복귀","정상","P0","",""
"FE-MP-010","지도","전체화면 지도","지도 닫기","닫기 버튼을 빠르게 중복 탭해도 정상 동작한다","전체지도 표시 중","1. 우상단 닫기 버튼을 빠르게 연속 2회 이상 탭","한 번만 dismiss 처리, 이중 dismiss/크래시/화면 잔상 없음","경계","P2","",""
"FE-MP-011","지도","전체화면 지도","엔진 비활성","전체지도 이탈 시 지도 엔진이 비활성화된다","전체지도 표시 중","1. 닫기 버튼으로 전체지도 닫기 2. 복귀 후 동작 관찰","onDisappear에서 setDrawMap(false) 호출되어 엔진 reset, 백그라운드 리소스 정리, 화면 멈춤 없음","정상","P1","",""
"FE-MP-012","지도","전체화면 지도","재진입 상태","전체지도를 닫았다가 다시 열면 지도가 정상 재렌더된다","전체지도 1회 열고 닫은 상태","1. 미리보기 탭으로 전체지도 열기 2. 닫기 3. 다시 미리보기 탭으로 전체지도 열기","재진입 시 onAppear로 draw 재시작되어 지도/핀 정상 재렌더, 물건 좌표 중심으로 다시 표시","정상","P1","",""
"FE-MP-013","지도","전체화면 지도","지도 제스처","전체지도에서 팬/핀치 줌 제스처로 지도가 이동·확대축소된다","전체지도 표시 중","1. 지도를 드래그(팬) 2. 핀치로 확대/축소","제스처에 따라 지도가 이동·확대축소되고 cameraCenterLocation 바인딩이 갱신됨, 끊김/멈춤 없음","정상","P1","","좌표 값 정확성이 아닌 제스처 UI 동작만 검증"
"FE-MP-014","지도","전체화면 지도","백그라운드 복귀","전체지도 표시 중 앱을 백그라운드 후 복귀하면 지도가 유지된다","전체지도 표시 중","1. 전체지도 표시 상태에서 홈으로 백그라운드 전환 2. 앱 재진입(포그라운드)","복귀 후 지도/핀 정상 표시, 엔진 상태 복원, 검은 화면/크래시 없음","정상","P2","",""
"FE-MP-015","지도","지도 엔진 라이프사이클","뷰 해제","전체지도 dismiss로 뷰가 해제될 때 엔진이 정리된다","전체지도 표시 후 닫기","1. 전체지도 진입 2. 닫기로 뷰 해제 3. 메모리/동작 관찰","dismantleUIView에서 pauseEngine+resetEngine 호출되어 엔진 정리, 메모리 누수/크래시 없음","정상","P1","",""
"FE-MP-016","지도","지도 엔진 라이프사이클","지도 준비 전 카메라","지도 엔진 준비 전 진입해도 카메라 중심이 보류 후 적용된다","엔진 초기화가 느린 환경(저사양/콜드스타트)","1. 미리보기 탭으로 전체지도 진입 2. 지도 준비~카메라 이동 관찰","isMapReady=false면 pendingCameraUpdate에 보류, addViewSucceeded 후 setup에서 보류된 카메라 중심이 적용되어 결국 물건 좌표로 이동","경계","P2","",""
"FE-MP-017","지도","전체화면 지도","네트워크 지연","약한 네트워크에서 지도 타일 로딩이 지연돼도 앱이 멈추지 않는다","느린 네트워크, 전체지도 진입","1. 네트워크 속도 제한 상태로 전체지도 진입 2. 타일 로딩 관찰","지도 타일이 점진적으로 로딩되고 중심 핀/카메라는 좌표 기반으로 표시, 앱 정지/크래시 없음","경계","P1","","카카오 지도 타일은 네트워크 의존"
"FE-MP-018","지도","전체화면 지도","네트워크 끊김","네트워크 끊긴 상태로 전체지도에 진입한다","오프라인 상태","1. 네트워크 차단 2. 미리보기 탭으로 전체지도 진입 3. 닫기 버튼 동작 확인","지도 타일이 미표시되거나 캐시만 표시될 수 있으나 닫기 버튼은 정상 동작, 크래시 없음","예외","P1","",""
"FE-MP-019","지도","위치 권한","권한 거부 영향 없음","위치 권한 거부 상태에서도 물건 위치 지도가 정상 표시된다","시스템 위치 권한 '거부' 상태","1. 위치 권한 거부 설정 2. 경매 상세 진입 3. 미리보기/전체지도 확인","물건 좌표 기반 지도/핀이 정상 표시되며 위치 권한 알럿이나 '내 위치' UI는 노출되지 않음","예외","P1","","MapStore에 권한/거부 알럿 로직(checkUserAuthorization, isShowDeniedLocationAlert) 존재하나 현재 MapContentView에 미연결"
"FE-MP-020","지도","위치 권한","비로그인 영향 없음","비로그인 상태에서도 지도 미리보기/전체지도가 동작한다","비로그인 상태로 경매 상세 접근 가능한 경우","1. 비로그인 상태 유지 2. 경매 상세의 '물건 위치' 진입 3. 미리보기/전체지도 동작 확인","지도는 좌표 기반이라 로그인 여부와 무관하게 표시·동작, 크래시 없음","예외","P2","","지도 렌더는 인증 비의존"
"FE-MP-021","지도","전체화면 지도","다크모드","다크모드에서 닫기 버튼이 식별 가능하게 표시된다","시스템 다크모드 ON, 전체지도 표시","1. 다크모드 설정 2. 전체지도 진입 3. 우상단 닫기 버튼 확인","닫기(X) 버튼이 흰 배경/검정 아이콘/그림자로 지도 위에서 또렷하게 식별되고 탭 가능","경계","P2","",""
"FE-MP-022","지도","전체화면 지도","비정상 좌표","(0,0) 등 비정상 좌표로 진입해도 크래시 없이 표시된다","좌표가 (0,0) 또는 비정상 값으로 주입된 경우","1. 비정상 좌표 매물의 전체지도 진입 2. 화면 확인","지도가 해당 좌표(적도 부근 등)로 표시되어도 앱 크래시 없이 렌더, 중심 핀은 해당 좌표에 표시","경계","P2","","좌표 유효성은 데이터파트 연계"
"FE-MP-023","지도","물건 위치 지도 미리보기","지도 엔진 동시 표시","미리보기와 전체지도 두 지도 인스턴스가 충돌 없이 동작한다","미리보기 지도가 표시된 상태에서 전체지도 진입","1. '물건 위치' 미리보기 지도 표시 확인 2. 탭하여 전체지도 진입 3. 두 화면 전환·복귀 반복","미리보기(120pt)와 전체지도 두 KakaoMap 엔진이 충돌/멈춤/검은화면 없이 각각 정상 동작","경계","P2","","동일 MapContentView가 미리보기·풀스크린 2개 인스턴스로 생성됨"
"FE-MP-024","지도","전체화면 지도","스크롤 위치 보존","전체지도를 닫고 복귀하면 경매 상세 스크롤 위치가 보존된다","경매 상세를 '물건 위치' 섹션까지 스크롤한 상태","1. '물건 위치' 섹션까지 스크롤 2. 미리보기 탭으로 전체지도 진입 3. 닫기로 복귀","복귀 시 경매 상세 스크롤 위치가 '물건 위치' 섹션 그대로 보존(상단으로 튀지 않음)","정상","P2","","스크롤 보존은 AuctionDetail 호스트 화면 연계"
"FE-IN-001","관심","관심 매물 리스트","초기 로딩","관심 탭 첫 진입 시 onLoad로 관심 매물 목록을 로드하고 로딩 애니메이션을 표시한다","로그인 상태, 관심 매물 1건 이상 존재","1. 앱에서 관심 탭으로 진입한다 2. 진입 직후 전체화면 로딩(Lottie) 표시를 확인한다 3. 로드 완료 후 리스트를 확인한다","진입 시 전체화면 로딩 애니메이션이 표시되고 로드 완료 후 관심 매물 리스트가 렌더링된다","정상","P0","",""
"FE-IN-002","관심","관심 매물 리스트","초기 로딩","onLoad는 1회만 실행되어 상세 진입 후 복귀 시 재로딩되지 않는다","관심 리스트 로드 완료, 스크롤을 일부 내린 상태","1. 매물 셀을 탭해 상세로 진입한다 2. 뒤로가기로 관심 리스트로 복귀한다 3. 로딩/리스트 상태를 확인한다","로딩 애니메이션이 다시 뜨지 않고 기존 리스트와 스크롤 위치가 그대로 유지된다(onLoad 1회 only)","경계","P1","","ViewDidLoadModifier의 didLoad 플래그로 1회만 실행됨"
"FE-IN-003","관심","관심 매물 리스트","목록 표시","관심 매물이 있을 때 LazyVStack으로 매물 셀 목록을 표시한다","로그인 상태, 관심 매물 여러 건 존재","1. 관심 탭에 진입한다 2. 로드 완료 후 리스트를 확인한다","관심 매물 셀들이 세로 스크롤 리스트로 정상 렌더링된다","정상","P0","",""
"FE-IN-004","관심","관심 매물 리스트","빈 상태","관심 매물이 0건이면 빈 상태 이미지와 안내 문구를 표시한다","로그인 상태, 관심 매물 없음(0건)","1. 관심 탭에 진입한다 2. 로드 완료 후 화면을 확인한다","dot3Circle 이미지와 '관심 매물 없음'(interestViewNone) 문구가 표시되고 리스트/페이징 progress는 노출되지 않는다","예외","P1","",""
"FE-IN-005","관심","관심 매물 리스트","빈 상태 전환","마지막 남은 관심 매물을 찜 해제하면 빈 상태 화면으로 전환된다","관심 매물이 정확히 1건 존재","1. 유일한 매물 셀의 하트 아이콘을 탭해 찜 해제한다 2. 화면을 확인한다","해당 셀이 제거되고 즉시 빈 상태(이미지+문구) 화면으로 전환된다","경계","P1","",""
"FE-IN-006","관심","관심 매물 리스트","에러 처리","초기 로드 시 네트워크/서버 에러가 발생해도 에러 UI가 표시되지 않는다","네트워크 차단 또는 서버 오류 상태","1. 네트워크를 끊은 상태로 관심 탭에 진입한다 2. 로딩 종료 후 화면을 확인한다","로딩이 종료되고 별도 에러 알림/문구/재시도 버튼 없이 빈 상태 화면이 표시된다","예외","P1","","modelData.error만 세팅되고 View에서 미표시 — 에러 UI 미구현, 기획/데이터파트 연계 확인 필요"
"FE-IN-007","관심","관심 매물 리스트","에러 처리","페이징(추가 로드) 중 에러 발생 시 기존 리스트가 유지된다","리스트 표시 상태, 다음 페이지 존재","1. 리스트 끝까지 스크롤해 추가 로드를 트리거한다 2. 추가 로드 도중 네트워크를 끊는다 3. 화면을 확인한다","하단 ProgressView가 사라지고 기존 항목은 그대로 유지되며 에러 표시는 없다","예외","P2","","loadMoreInterestSales catch에서 error만 세팅"
"FE-IN-008","관심","관심 매물 리스트","무한 스크롤","마지막 셀에 도달하면 다음 페이지를 자동 로드한다","관심 매물 20건 초과(다음 cursor 존재)","1. 리스트를 마지막 셀까지 스크롤한다 2. 하단 ProgressView를 확인한다 3. 추가 항목이 붙는지 확인한다","마지막 셀 onAppear 시 다음 페이지가 로드되어 하단 ProgressView 표시 후 항목이 이어 붙는다","정상","P1","",""
"FE-IN-009","관심","관심 매물 리스트","무한 스크롤","다음 페이지 응답에 기존 항목이 중복돼도 리스트에 중복 표시되지 않는다","중복 ID가 포함된 다음 페이지 응답","1. 리스트 끝까지 스크롤해 다음 페이지를 로드한다 2. 추가된 항목을 확인한다","이미 표시 중인 ID는 필터링되어 중복 셀이 추가되지 않는다","경계","P2","","existingIDs 기반 중복 제거 로직 — 데이터파트 연계(중복 응답 가정)"
"FE-IN-010","관심","관심 매물 리스트","무한 스크롤","마지막 페이지(hasNext=false) 도달 시 추가 로드와 페이징 progress가 발생하지 않는다","관심 매물이 마지막 페이지까지 모두 로드된 상태","1. 리스트 최하단까지 스크롤한다 2. 하단 영역을 확인한다","더 이상 추가 로드가 발생하지 않고 하단 ProgressView도 표시되지 않는다","경계","P2","","fetchNextInterestAuctions에서 hasNext 가드"
"FE-IN-011","관심","관심 매물 리스트","무한 스크롤","빠른 연속 스크롤로 페이징이 동시 다중 호출되지 않는다(디바운스 가드)","다음 페이지 존재, 리스트 표시 상태","1. 마지막 셀 영역을 빠르게 반복적으로 노출시키며 스크롤한다 2. 로드 동작을 확인한다","isLoadingForPaging 가드로 동시에 중복 페이징 요청이 발생하지 않는다","경계","P2","","loadMoreInterestSales의 isLoadingForPaging guard"
"FE-IN-012","관심","관심 매물 리스트","당겨서 새로고침","리스트를 아래로 당기면 페이지네이션을 리셋하고 첫 페이지를 재로드한다","로그인 상태, 리스트 표시 상태","1. 리스트 상단에서 아래로 당긴다 2. 새로고침 인디케이터를 확인한다 3. 갱신된 리스트를 확인한다","새로고침 인디케이터 표시 후 페이지네이션이 리셋되고 첫 페이지가 다시 로드되어 리스트가 갱신된다","정상","P1","","refreshable → resetPagination + loadInterest"
"FE-IN-013","관심","관심 매물 리스트","당겨서 새로고침","당겨서 새로고침 시 네이티브 인디케이터와 전체화면 로딩 오버레이 중복 노출 여부를 확인한다","리스트 표시 상태","1. 리스트를 아래로 당겨 새로고침을 시작한다 2. 화면 상단 인디케이터와 중앙 로딩 애니메이션을 동시에 관찰한다","새로고침 인디케이터와 전체화면 Lottie 로딩이 동시에 나타나는지 확인하고 시각적 어색함이 없어야 한다","경계","P2","","refreshable가 isLoading=true 세팅 → loading 오버레이 동시 표시 가능"
"FE-IN-014","관심","관심 매물 리스트","찜 해제","매물 셀의 하트 버튼을 탭하면 관심이 해제되고 셀이 즉시 리스트에서 제거된다","로그인 상태, 관심 매물 2건 이상","1. 특정 매물 셀의 하트 아이콘을 탭한다 2. 리스트를 확인한다","해당 매물 셀이 리스트에서 즉시 제거되고 다른 화면 동기화를 위한 알림이 발행된다","정상","P0","",""
"FE-IN-015","관심","관심 매물 리스트","찜 해제","하트 버튼 탭 시 셀 전체의 상세 진입 액션이 동시에 트리거되지 않는다(중첩 버튼 충돌)","관심 매물 존재","1. 매물 셀 내부의 하트 아이콘을 정확히 탭한다 2. 화면 전환 여부를 확인한다","찜 해제만 동작하고 경매 상세 화면으로 push되지 않는다","경계","P1","","셀 Button 안에 하트 Button 중첩 — hit-test 충돌 가능성 검증"
"FE-IN-016","관심","관심 매물 리스트","찜 해제","하트 버튼을 빠르게 연속 탭해도 한 번만 제거 요청된다","관심 매물 존재","1. 동일 셀의 하트 아이콘을 빠르게 2~3회 연속 탭한다 2. 결과를 확인한다","항목이 한 번만 제거되고 이미 제거된 항목에 대한 중복 요청으로 인한 이상 동작이 없다","경계","P2","","중복 탭(디바운스) 확인"
"FE-IN-017","관심","관심 매물 리스트","찜 해제","찜 해제 서버 요청 실패 시 항목이 제거되지 않는다","관심 매물 존재, 네트워크 차단 또는 서버 오류","1. 네트워크를 끊은 상태로 하트 아이콘을 탭한다 2. 리스트를 확인한다","removeInterest 실패로 로컬 제거가 수행되지 않아 셀이 그대로 유지되며 에러 표시는 없다","예외","P2","","try 성공 후에만 removeAll 수행 — 데이터파트 연계"
"FE-IN-018","관심","관심 매물 리스트","상세 진입","매물 셀(하트 외 영역)을 탭하면 경매 상세 화면으로 이동한다","관심 매물 존재","1. 매물 셀의 이미지/텍스트 영역을 탭한다 2. 화면 전환을 확인한다","coordinator.push로 해당 매물의 경매 상세 화면으로 진입한다","정상","P0","",""
"FE-IN-019","관심","관심 매물 리스트","상세 진입","상세 화면에서 뒤로가기 시 관심 리스트와 스크롤 위치가 보존된다","리스트를 일부 스크롤한 상태에서 상세 진입","1. 매물 셀을 탭해 상세로 진입한다 2. 뒤로가기(pop)한다 3. 리스트 위치를 확인한다","리스트 내용과 스크롤 위치가 그대로 복원된다","정상","P1","",""
"FE-IN-020","관심","관심 매물 리스트","외부 찜 동기화","상세 화면에서 동일 매물을 찜 해제 후 복귀하면 리스트에서 자동 제거된다","리스트에 매물 존재, 해당 매물 상세 진입","1. 매물 셀을 탭해 상세로 진입한다 2. 상세에서 찜을 해제한다 3. 뒤로가기로 관심 리스트로 복귀한다",".auctionZzimDidChange 수신(isZzimed=false)으로 해당 매물이 리스트에서 제거된 상태로 표시된다","정상","P1","","handleZzimChange는 isZzimed=false일 때만 제거"
"FE-IN-021","관심","관심 매물 리스트","외부 찜 동기화","외부에서 찜 추가(isZzimed=true) 알림을 받아도 리스트는 변경되지 않는다","리스트 표시 상태","1. 다른 화면에서 어떤 매물을 찜 추가한다 2. 관심 리스트로 복귀한다 3. 리스트를 확인한다","isZzimed=true 알림에는 리스트 제거/추가가 발생하지 않으며, 새로 찜한 매물은 새로고침 전까지 자동 반영되지 않는다","경계","P2","","신규 찜 항목 자동 추가 미구현 — 새로고침 필요, 기획 연계"
"FE-IN-022","관심","관심 매물 셀","셀 렌더링","매물 셀에 가격/주소/건물명이 정상 렌더링된다","관심 매물 존재","1. 리스트에서 매물 셀을 확인한다","감정가(원화 포맷), 주소, 건물명이 각 폰트/색상으로 표시된다","정상","P1","","값 정확성은 데이터파트 연계, 여기선 표시 여부만"
"FE-IN-023","관심","관심 매물 셀","셀 렌더링","건물명이 nil이면 빈 문자열로 처리되어 레이아웃이 깨지지 않는다","salesBuildingName이 nil인 매물","1. 해당 매물 셀을 확인한다","건물명 영역이 빈 문자열로 표시되고 레이아웃 정렬이 깨지지 않는다","경계","P2","","salesBuildingName ?? """""
"FE-IN-024","관심","관심 매물 셀","배지 표시","매각 완료 매물은 '매각' 배지가 회색으로 표시된다","isSoldOut=true인 매물","1. 매각 완료 매물 셀의 이미지 좌상단 배지를 확인한다","'매각' 텍스트 배지가 neutralSubtler 배경으로 표시된다","정상","P1","",""
"FE-IN-025","관심","관심 매물 셀","배지 표시","진행 중 매물은 잔여일 'D+N'/'D-N' 배지가 표시된다","isSoldOut=false인 매물","1. 진행 중 매물 셀의 이미지 좌상단 배지를 확인한다","salesLeftDays 부호에 따라 'D+N' 또는 'D-N' 형태의 배지가 neutral 배경으로 표시된다","정상","P1","","잔여일 값 정확성은 데이터파트 연계"
"FE-IN-026","관심","관심 매물 셀","인증 라벨","인증 매물은 인증경매 그라데이션 라벨이 표시된다","verified=true인 매물","1. 인증 매물 셀 하단 라벨 영역을 확인한다","MercuryGradientLabel로 인증경매 라벨이 표시된다","정상","P2","",""
"FE-IN-027","관심","관심 매물 셀","인증 라벨","비인증 매물은 인증경매 라벨이 표시되지 않는다","verified=false인 매물","1. 비인증 매물 셀 하단 라벨 영역을 확인한다","인증경매 라벨이 표시되지 않는다","경계","P2","",""
"FE-IN-028","관심","관심 매물 셀","카테고리 라벨","카테고리가 있으면 첫 번째 카테고리만 라벨로 표시된다","salesCategories가 1개 이상인 매물","1. 매물 셀 하단의 카테고리 라벨을 확인한다","salesCategories.first 값만 primaryLight 배경 라벨로 표시된다(나머지는 미표시)","정상","P2","",""
"FE-IN-029","관심","관심 매물 셀","카테고리 라벨","카테고리가 비어있으면 카테고리 라벨이 표시되지 않는다","salesCategories가 빈 배열인 매물","1. 해당 매물 셀 하단을 확인한다","카테고리 라벨이 표시되지 않고 레이아웃이 정상이다","경계","P2","",""
"FE-IN-030","관심","관심 매물 셀","유찰 횟수","유찰 횟수가 '유찰 N회' 형식으로 표시된다","관심 매물 존재","1. 매물 셀 하단의 유찰 라벨을 확인한다","failBidCount가 '유찰 N회' 형식 라벨로 표시된다","정상","P2","","값 정확성은 데이터파트 연계"
"FE-IN-031","관심","관심 매물 셀","찜 카운트","하트 아이콘 옆에 찜 횟수가 표시된다","관심 매물 존재","1. 매물 셀 우하단 하트 영역을 확인한다","critical 색상 하트 아이콘과 함께 zzimCount 숫자가 표시된다","정상","P2","",""
"FE-IN-032","관심","관심 매물 셀","이미지 로딩","매물 이미지 로딩 중/실패 시 회색 플레이스홀더가 표시된다","이미지 URL 로딩 지연 또는 로드 실패 매물","1. 매물 셀 이미지 영역을 확인한다","CachedAsyncImage 로드 전/실패 시 gray150 플레이스홀더가 표시되고 로드 완료 시 이미지로 교체된다","경계","P2","","salesPictures가 nil/실패인 경우 포함"
"FE-IN-033","관심","관심 매물 셀","오버플로우","긴 주소/건물명이 셀 레이아웃을 깨지 않는다","매우 긴 주소/건물명을 가진 매물","1. 긴 텍스트 매물 셀을 확인한다","multilineTextAlignment(.leading)으로 줄바꿈되며 셀 레이아웃 오버플로우/잘림 이상이 없다","경계","P2","",""
"FE-IN-034","관심","관심 매물 리스트","네비게이션 바","상단 네비게이션 바에 '관심' 타이틀이 표시된다","관심 탭 진입","1. 관심 화면 상단 네비게이션 바를 확인한다","MercuryNavigationBar에 '관심' 타이틀(titleLargeBold)이 표시된다","정상","P2","","trailing 액션 클로저가 비어 있어 추가 동작 없음"
"FE-IN-035","관심","관심 매물 리스트","비로그인","비로그인 상태로 관심 화면에 진입하면 목록 로드가 실패한다","로그아웃/비로그인 상태","1. 비로그인 상태로 관심 탭에 진입한다 2. 화면을 확인한다","인증 실패로 로드되지 못하고 에러 UI 없이 빈 상태 화면이 표시된다","예외","P1","","View 내 로그인 분기 없음 — 인증/데이터파트 연계 확인 필요"
"FE-IN-036","관심","관심 매물 리스트","토큰 만료","토큰 만료 후 진입/새로고침 시 동작을 확인한다","액세스 토큰 만료 상태","1. 토큰이 만료된 상태로 관심 화면에 진입하거나 당겨서 새로고침한다 2. 화면을 확인한다","재인증 흐름이 동작하거나, 실패 시 에러 UI 없이 빈 상태로 표시된다","경계","P2","","데이터파트/인증 연계"
"FE-IN-037","관심","관심 매물 리스트","백그라운드 복귀","백그라운드에서 포그라운드로 복귀해도 목록이 자동 갱신되지 않는다","관심 리스트 표시 상태","1. 앱을 백그라운드로 보낸다 2. 다시 포그라운드로 복귀한다 3. 리스트를 확인한다","onLoad가 재실행되지 않아 자동 새로고침이 발생하지 않고 기존 리스트가 유지된다(수동 새로고침 필요)","경계","P2","",""
"FE-IN-038","관심","관심 매물 리스트","초기 로딩 깜빡임","초기 로딩 중 빈 상태 UI가 깜빡이는지 확인한다","로그인 상태, 관심 매물 존재, 네트워크 지연","1. 네트워크 지연 상태로 관심 탭에 진입한다 2. 로딩 중 화면 하단을 관찰한다","리스트가 비어있는 동안 로딩 오버레이와 함께 빈 상태(이미지+문구)가 노출/깜빡이는지 확인한다","경계","P2","","interestList 초기 빈 배열 + isLoading true 동시 상태"
"FE-IN-039","관심","관심 매물 리스트","네비게이션 중단","로딩 중 화면을 이탈하면 전체화면 로딩 오버레이가 정상적으로 사라진다","로딩 진행 중","1. 관심 화면 로딩 중 다른 탭/화면으로 이동한다 2. 로딩 오버레이를 확인한다","onDisappear에서 로딩이 hide되어 다른 화면에 로딩 오버레이가 남지 않는다","경계","P2","","MercuryLoadingModifier onDisappear hide"
"FE-IN-040","관심","관심 매물 리스트","다크모드","다크모드에서 리스트/셀/배지 색상이 정상 표시된다","기기 다크모드 활성화(앱이 다크모드 지원 시)","1. 다크모드로 전환한다 2. 관심 화면과 셀을 확인한다","Asset.Colors 기반 색상이 다크모드에서 가독성 있게 표시되고 배지/라벨 대비가 유지된다","경계","P2","","앱 다크모드 지원 여부 확인 후 해당 시 적용"
"FE-MY-001","마이페이지","마이페이지 메인","프로필 로딩","진입 시 사용자 프로필을 조회해 이름과 가입 경로를 표시한다","로그인 상태, 정상 네트워크","1. 하단 탭 등으로 마이페이지 진입 2. .task 의 fetchProfile 완료 대기","사용자 이름(titleLargeBold)과 'OO로 로그인' 문구 및 provider 아이콘이 정상 노출된다","정상","P0","","값 정확성은 데이터파트 연계"
"FE-MY-002","마이페이지","마이페이지 메인","프로필 로딩","프로필 조회 도중 로딩 동안 빈 프로필 영역이 깨지지 않는다","네트워크 지연 상태","1. 마이페이지 진입 2. fetchProfile 응답 전 UserProfileView 상태 확인","userProfile 이 nil 인 동안 이름/가입경로가 빈 문자열로 표시되며 레이아웃이 무너지지 않는다","경계","P1","",""
"FE-MY-003","마이페이지","마이페이지 메인","프로필 로딩","프로필 조회 실패 시 에러 alert 가 노출된다","서버 에러 또는 네트워크 끊김","1. 네트워크 차단 또는 서버 5xx 상태로 설정 2. 마이페이지 진입 3. fetchProfile 실패 유도","alert(error:) 로 에러 다이얼로그가 표시된다","예외","P1","",""
"FE-MY-004","마이페이지","마이페이지 메인","프로필 로딩","토큰 만료 상태로 진입 시 프로필 조회 실패가 처리된다","AccessToken 만료","1. 토큰 만료 상태로 만들기 2. 마이페이지 진입 3. fetchProfile 시도","에러 alert 노출 또는 재로그인 플로우로 안내되며 크래시가 없다","예외","P1","","토큰 갱신 동작은 데이터파트 연계"
"FE-MY-005","마이페이지","마이페이지 메인","중복 조회 방지","다른 화면 다녀온 뒤 복귀해도 프로필을 재조회하지 않고 상태를 보존한다","마이페이지 1회 로드 완료","1. 마이페이지 진입(로드 완료) 2. 설정/최근 본 매물 push 후 pop 하여 복귀","hasFetched=true 가드로 fetchProfile 가 재호출되지 않고 기존 프로필이 유지된다","경계","P2","",""
"FE-MY-006","마이페이지","마이페이지 메인","네비게이션","우상단 설정 아이콘 탭 시 설정 화면으로 push 된다","마이페이지 진입 상태","1. 우상단 설정 아이콘 버튼 탭","setting(.settingList) 라우트로 push 되어 설정 화면이 표시된다","정상","P0","",""
"FE-MY-007","마이페이지","마이페이지 메인","메뉴 탭","'최근 본 매물' 메뉴 탭 시 최근 본 매물 리스트로 push 된다","마이페이지 진입 상태","1. '최근 본 매물' 메뉴 항목 탭","recentViewList(.recentViewedList) 라우트로 push 되어 최근 본 매물 화면이 표시된다","정상","P0","",""
"FE-MY-008","마이페이지","마이페이지 메인","메뉴 탭","'채팅/문의' 메뉴 탭 시 메일 작성 화면이 열린다","기기에 메일 계정/앱 설정됨","1. '채팅' 메뉴 항목 탭 2. openMail 호출 확인","수신자/제목/본문이 채워진 메일 작성 화면이 열린다","정상","P1","",""
"FE-MY-009","마이페이지","마이페이지 메인","메뉴 탭","메일 앱/계정이 없을 때 채팅 탭 시 크래시 없이 처리된다","메일 계정 미설정 기기","1. '채팅' 메뉴 항목 탭","openMail 실패 시 앱이 크래시하지 않고 적절히 무시되거나 안내된다","예외","P2","","메일 가용성은 기기/데이터파트 연계"
"FE-MY-010","마이페이지","마이페이지 메인","메뉴 탭","메뉴 항목을 빠르게 연속 탭해도 화면이 중복 push 되지 않는다","마이페이지 진입 상태","1. '최근 본 매물' 메뉴를 빠르게 2회 이상 연타","동일 화면이 중복으로 쌓이지 않고 1회만 push 된다","경계","P2","",""
"FE-MY-011","마이페이지","마이페이지 메인","프로필 표시","가입 provider 별 아이콘과 텍스트가 올바르게 매핑되어 표시된다","로그인 상태(구글/애플/카카오/네이버 중 하나)","1. 마이페이지 진입 2. provider 아이콘과 'OO로 로그인' 텍스트 확인","provider 에 맞는 로고 이미지와 한글 명칭(구글/애플/카카오/네이버)이 표시된다","정상","P2","","매핑값 정확성은 데이터파트 연계"
"FE-MY-012","마이페이지","마이페이지 메인","긴 텍스트","사용자 이름이 매우 길어도 레이아웃이 깨지지 않는다","이름이 긴 계정","1. 긴 이름 계정으로 마이페이지 진입 2. 이름 영역 확인","이름이 잘리거나 줄바꿈되되 우측 Spacer/아이콘 영역을 침범하지 않는다","경계","P2","",""
"FE-MY-013","마이페이지","마이페이지 메인","다크모드","다크모드에서 프로필 배경 흰색 고정 표시를 확인한다","시스템 다크모드 ON","1. 다크모드 설정 2. 마이페이지 진입 3. UserProfileView 배경/텍스트 대비 확인","background(.white) 고정으로 인한 텍스트 가독성/대비 이상 여부를 확인한다","경계","P2","","UserProfileView 가 .background(.white) 하드코딩"
"FE-MY-014","마이페이지","알림 설정","화면 진입","알림 설정 진입 시 토글이 기본 OFF 로 표시된다","알림 설정 화면 첫 진입","1. 설정에서 알림 설정 화면 진입 2. 토글 초기 상태 확인","제목/설명 텍스트와 함께 토글이 OFF 상태로 표시된다","정상","P1","","@State 기본 false, 실제 시스템 권한과 미동기화 가능"
"FE-MY-015","마이페이지","알림 설정","알림 토글","토글 ON 시 동의 토스트(common) 가 노출된다","알림 설정 진입, 토글 OFF","1. 알림 토글을 ON 으로 변경","'알림 동의' 문구의 common 타입 MercuryToast 가 표시된다","정상","P1","",""
"FE-MY-016","마이페이지","알림 설정","알림 토글","토글 OFF 시 거부 토스트(urgent) 가 노출된다","알림 설정 진입, 토글 ON","1. 알림 토글을 OFF 로 변경","'알림 거부' 문구의 urgent 타입 MercuryToast 가 표시된다","정상","P1","",""
"FE-MY-017","마이페이지","알림 설정","네비게이션","뒤로가기 버튼 탭 시 이전 화면으로 pop 된다","알림 설정 진입 상태","1. 좌상단 뒤로가기(arrowLeft) 버튼 탭","coordinator.pop 으로 이전(설정) 화면으로 돌아간다","정상","P0","",""
"FE-MY-018","마이페이지","알림 설정","알림 토글","토글을 빠르게 연속 전환해도 토스트/상태가 올바르게 처리된다","알림 설정 진입 상태","1. 알림 토글을 빠르게 ON/OFF 반복","각 onChange 마다 토스트가 누적/중첩 없이 정상 표시되고 상태가 일관된다","경계","P2","",""
"FE-MY-019","마이페이지","알림 설정","상태 보존","화면 이탈 후 복귀 시 토글 상태가 보존되지 않음을 확인한다","토글 ON 으로 변경 후","1. 토글 ON 2. 뒤로가기로 이탈 3. 알림 설정 재진입","@State isNotificationOn 이 false 로 초기화되어 다시 OFF 로 보임을 확인(시스템 권한 미연동)","예외","P2","","실제 알림 권한 상태와 미동기화, 데이터/권한 파트 연계"
"FE-MY-020","마이페이지","알림 설정","OS 분기","iOS 26 이상에서 토글에 glassEffect 가 적용되는지 확인한다","iOS 26 이상 기기/시뮬레이터","1. iOS 26 환경에서 알림 설정 진입 2. 토글 렌더링 확인","glassEffect 가 적용된 토글이 정상 표시되고, 미만 버전에서는 일반 토글로 표시된다","경계","P2","",""
"FE-MY-021","마이페이지","최근 본 매물","리스트 로딩","진입 시 onLoad 로 최근 본 매물 리스트를 조회하고 로딩 인디케이터를 표시한다","로그인 상태, 정상 네트워크","1. 마이페이지에서 '최근 본 매물' 진입 2. onLoad 의 loadRecentViewList 실행","isLoading 동안 .loading 인디케이터가 표시된 후 리스트로 전환된다","정상","P0","",""
"FE-MY-022","마이페이지","최근 본 매물","리스트 표시","최근 본 매물 데이터가 있을 때 셀 리스트가 렌더링된다","최근 본 매물 1건 이상 존재","1. 최근 본 매물 진입 2. 리스트 로드 완료 대기","LazyVStack 으로 매물 셀들이 스크롤 가능한 리스트로 표시된다","정상","P0","",""
"FE-MY-023","마이페이지","최근 본 매물","빈 상태","최근 본 매물이 0건일 때 빈 상태 뷰가 표시된다","최근 본 매물 내역 없음","1. 최근 본 매물 진입 2. 빈 응답 수신","dot3Circle 이미지와 '최근 본 매물 없음' 안내 문구가 표시된다","경계","P0","",""
"FE-MY-024","마이페이지","최근 본 매물","에러 처리","리스트 로드 실패 시 화면에 에러가 표시되지 않는 동작을 확인한다","네트워크 끊김 또는 서버 에러","1. 네트워크 차단 2. 최근 본 매물 진입 3. loadRecentViewList 실패 유도","modelData.error 만 세팅되고 화면에는 alert/에러 UI 가 없어 빈 상태처럼 보임을 확인","예외","P1","","RecentSalesView 에 error alert 바인딩 없음 — 잠재 결함, 확인 필요"
"FE-MY-025","마이페이지","최근 본 매물","네트워크","네트워크 지연 시 로딩 상태가 유지된다","느린 네트워크","1. 네트워크 지연 환경 설정 2. 최근 본 매물 진입","응답 전까지 .loading 인디케이터가 유지되고 응답 후 정상 전환된다","경계","P1","",""
"FE-MY-026","마이페이지","최근 본 매물","네비게이션","매물 셀 탭 시 경매 상세 화면으로 push 된다","최근 본 매물 1건 이상","1. 임의의 매물 셀 탭","auctionDetail(auctionID:item.id) 라우트로 push 되어 상세 화면이 열린다","정상","P0","",""
"FE-MY-027","마이페이지","최근 본 매물","관심(찜) 토글","미찜 상태에서 하트 탭 시 찜 추가되고 UI 가 갱신된다","isZzim=false 인 매물","1. 셀 내 하트 버튼 탭","addInterest 호출 후 하트가 critical(빨강) 색으로, 찜 카운트가 +1 로 갱신된다","정상","P0","",""
"FE-MY-028","마이페이지","최근 본 매물","관심(찜) 토글","찜 상태에서 하트 탭 시 찜 해제되고 UI 가 갱신된다","isZzim=true 인 매물","1. 셀 내 하트 버튼 탭","removeInterest 호출 후 하트가 muted(회색) 색으로, 찜 카운트가 -1 로 갱신된다","정상","P1","",""
"FE-MY-029","마이페이지","최근 본 매물","관심(찜) 토글","찜 API 실패 시 UI 상태가 잘못 토글되지 않는다","찜 API 호출이 실패하는 네트워크","1. 네트워크 차단 2. 하트 버튼 탭","addInterest/removeInterest 실패로 toggle 미반영되어 하트/카운트가 원래대로 유지된다","예외","P1","",""
"FE-MY-030","마이페이지","최근 본 매물","관심(찜) 토글","하트 버튼을 빠르게 연속 탭해도 상태가 일관되게 유지된다","매물 1건 이상","1. 동일 셀 하트 버튼을 빠르게 연타","중복 호출로 카운트가 어긋나거나 크래시하지 않고 최종 상태가 일관된다","경계","P2","",""
"FE-MY-031","마이페이지","최근 본 매물","찜 상태 동기화","찜 변경 시 NotificationCenter 로 변경 사실이 브로드캐스트된다","매물 셀 노출","1. 하트 버튼 탭하여 찜 상태 변경",".auctionZzimDidChange 알림이 auctionID/isZzimed/zzimCount 와 함께 post 된다","정상","P1","",""
"FE-MY-032","마이페이지","최근 본 매물","찜 상태 동기화","다른 화면에서 찜 변경 후 복귀 시 리스트 찜 상태가 동기화된다","상세 등 다른 화면에서 동일 매물 찜 변경","1. 셀 탭하여 상세 진입 2. 상세에서 찜 토글 3. 뒤로 돌아와 리스트 확인","onReceive 의 syncZzimState 로 해당 셀 하트/카운트가 변경 내용과 일치하게 갱신된다","정상","P1","",""
"FE-MY-033","마이페이지","최근 본 매물","네비게이션","뒤로가기 버튼 탭 시 마이페이지로 pop 된다","최근 본 매물 진입 상태","1. 좌상단 뒤로가기(arrowLeft) 버튼 탭","coordinator.pop 으로 마이페이지로 돌아간다","정상","P1","",""
"FE-MY-034","마이페이지","최근 본 매물","리스트 스크롤","항목이 많을 때 세로 스크롤이 정상 동작한다","최근 본 매물 다수(화면 초과) 존재","1. 최근 본 매물 진입 2. 리스트를 위/아래로 스크롤","LazyVStack 이 끊김 없이 스크롤되고 셀이 정상 렌더링된다","정상","P2","","별도 페이지네이션/당겨서 새로고침 없음"
"FE-MY-035","마이페이지","최근 본 매물 셀","매각/마감 배지","매각된 매물은 '매각' 배지가, 진행 매물은 D-day 배지가 표시된다","매각 매물과 진행 매물이 혼재","1. 리스트에서 매각/진행 매물 셀의 좌상단 배지 확인","isSoldOut 이면 '매각'(neutralSubtler 배경), 아니면 D+/D- 형식의 잔여일 배지가 표시된다","정상","P1","","D-day 값 정확성은 데이터파트 연계"
"FE-MY-036","마이페이지","최근 본 매물 셀","인증경매 라벨","인증 매물에 인증경매 그라데이션 라벨이 표시된다","verified=true 인 매물","1. 인증 매물 셀의 라벨 영역 확인","MercuryGradientLabel(인증경매) 이 표시되고, verified=false 면 미표시된다","정상","P2","",""
"FE-MY-037","마이페이지","최근 본 매물 셀","카테고리 표시","카테고리가 있으면 첫 번째 카테고리만, 없으면 미표시된다","카테고리 유/무가 다른 매물 혼재","1. 셀의 카테고리 칩 영역 확인","salesCategories 가 비어있지 않으면 first 카테고리 칩이 표시되고, 비어있으면 칩이 표시되지 않는다","경계","P2","",""
"FE-MY-038","마이페이지","최근 본 매물 셀","유찰 횟수 표시","유찰(입찰실패) 횟수 칩이 표시된다","매물 셀 노출","1. 셀의 유찰 횟수 칩 확인","failBidCount 기반 칩이 표시된다(0건 포함)","정상","P2","","값 정확성은 데이터파트 연계"
"FE-MY-039","마이페이지","최근 본 매물 셀","건물명 처리","건물명이 nil 일 때 빈 문자열로 표시되어 레이아웃이 깨지지 않는다","salesBuildingName=nil 인 매물","1. 건물명 없는 셀 확인","건물명 라인이 빈 텍스트로 처리되며 레이아웃 이상이 없다","경계","P2","",""
"FE-MY-040","마이페이지","최근 본 매물 셀","긴 텍스트","주소/건물명이 길어도 셀 레이아웃이 깨지지 않는다","주소·건물명이 긴 매물","1. 긴 주소/건물명 셀 확인","멀티라인으로 표시되며 가격/배지/하트 영역을 침범하지 않는다","경계","P2","",""
"FE-MY-041","마이페이지","최근 본 매물 셀","이미지 로딩","매물 이미지 로드 실패/지연 시 플레이스홀더가 표시된다","이미지 URL 무효 또는 네트워크 지연","1. 이미지가 없는/실패하는 셀 확인","CachedAsyncImage 플레이스홀더(gray150) 가 표시되고 셀 레이아웃이 유지된다","예외","P2","",""
"FE-MY-042","마이페이지","최근 본 매물 셀","가격 표시","감정가가 한국 통화 형식으로 표시된다","매물 셀 노출","1. 셀의 가격(appraisalPrice) 텍스트 확인","toKoreanCurrency 형식으로 가격이 표시된다","정상","P2","","금액 값 정확성은 데이터파트 연계"
"FE-ST-001","설정","설정 메인","화면 렌더링","설정 메인 진입 시 메뉴 목록과 하단 정보가 정상 표시된다","로그인 상태에서 설정 화면 진입","1. 설정 화면에 진입한다 2. 상단 네비게이션 바 타이틀(설정)을 확인한다 3. 약관 및 정책 / 로그아웃 / 회원탈퇴 메뉴 3개가 순서대로 노출되는지 확인한다 4. 하단 앱 버전 텍스트와 오픈소스 라이선스 텍스트가 노출되는지 확인한다","네비게이션 바, 메뉴 3개, 앱 버전, 오픈소스 라이선스 텍스트가 모두 정상 렌더링된다","정상","P0","",""
"FE-ST-002","설정","설정 메인","네비게이션 - 뒤로가기","네비게이션 바 좌측 화살표 탭 시 이전 화면으로 pop 된다","이전 화면에서 설정 화면으로 진입한 상태","1. 설정 화면 상단 좌측 화살표(arrowLeft) 버튼을 탭한다 2. 화면 전환을 확인한다","이전 화면으로 pop 되어 돌아간다","정상","P0","",""
"FE-ST-003","설정","설정 메인","약관 및 정책 진입","약관 및 정책 메뉴 탭 시 약관 목록 화면으로 push 된다","설정 화면 표시 상태","1. 약관 및 정책 메뉴 셀을 탭한다 2. 화면 전환을 확인한다","약관 및 정책 목록 화면으로 push 이동한다","정상","P0","",""
"FE-ST-004","설정","설정 메인","로그아웃","로그아웃 메뉴 탭 시 확인/취소 알럿이 노출된다","설정 화면 표시 상태","1. 로그아웃 메뉴 셀을 탭한다 2. 알럿 노출을 확인한다","로그아웃 확인 문구와 예/아니오 버튼을 가진 cancellable 알럿이 표시된다","정상","P0","",""
"FE-ST-005","설정","설정 메인","로그아웃","로그아웃 알럿에서 '예' 선택 시 토큰이 제거되고 루트로 이동한다","로그아웃 알럿이 떠 있는 상태","1. 알럿에서 예(확인) 버튼을 탭한다 2. 화면 전환을 확인한다","액세스 토큰이 제거되고 popToRoot로 최상위 화면(로그인/홈)으로 이동한다","정상","P0","","토큰 제거 자체의 정확성은 데이터파트 연계"
"FE-ST-006","설정","설정 메인","로그아웃","로그아웃 알럿에서 '아니오' 선택 시 알럿이 닫히고 화면이 유지된다","로그아웃 알럿이 떠 있는 상태","1. 알럿에서 아니오(취소) 버튼을 탭한다 2. 화면 상태를 확인한다","알럿이 닫히고 설정 화면이 그대로 유지되며 로그인 상태가 변하지 않는다","예외","P1","",""
"FE-ST-007","설정","설정 메인","회원탈퇴 진입","회원탈퇴 메뉴 탭 시 회원탈퇴 화면으로 push 된다","설정 화면 표시 상태","1. 회원탈퇴 메뉴 셀을 탭한다 2. 화면 전환을 확인한다","회원탈퇴 화면으로 push 이동한다","정상","P0","",""
"FE-ST-008","설정","설정 메인","앱 버전 표시","하단에 현재 앱 버전이 표시된다","설정 화면 표시 상태","1. 하단 앱 버전 영역을 확인한다","'앱 버전 X.X.X' 형식으로 현재 번들 버전이 표시된다","정상","P2","","버전 값 정확성은 데이터파트 연계"
"FE-ST-009","설정","설정 메인","업데이트 라벨 노출","최신 버전이 현재 버전보다 높을 때 업데이트 라벨이 노출된다","configService.latestVersion이 번들 버전보다 높은 상태","1. 설정 화면 하단 버전 영역을 확인한다","앱 버전 옆에 밑줄 처리된 '업데이트' 텍스트가 노출된다","경계","P1","","버전 비교 결과는 데이터파트 연계"
"FE-ST-010","설정","설정 메인","업데이트 라벨 미노출","최신 버전과 현재 버전이 같거나 낮을 때 업데이트 라벨이 노출되지 않는다","configService.latestVersion이 번들 버전과 같거나 낮은 상태","1. 설정 화면 하단 버전 영역을 확인한다","'업데이트' 텍스트가 노출되지 않는다","경계","P1","","버전 비교 결과는 데이터파트 연계"
"FE-ST-011","설정","설정 메인","업데이트 라벨 동작","업데이트 라벨 탭 시 현재 동작 없음을 확인한다","업데이트 라벨이 노출된 상태","1. '업데이트' 텍스트를 탭한다 2. 화면 변화를 확인한다","앱스토어 이동 로직이 TODO 미구현 상태이므로 탭해도 아무 동작이 발생하지 않는다(앱스토어 이동 없음)","예외","P2","","코드상 .task 내부 미구현(TODO)"
"FE-ST-012","설정","설정 메인","오픈소스 라이선스 진입","오픈소스 라이선스 텍스트 탭 시 라이선스 화면으로 push 된다","설정 화면 표시 상태","1. 하단 밑줄 처리된 '오픈소스 라이선스' 텍스트를 탭한다 2. 화면 전환을 확인한다","오픈소스 라이선스 화면으로 push 이동한다","정상","P1","",""
"FE-ST-013","설정","설정 메인","중복 탭 처리","메뉴 셀을 빠르게 연속 탭해도 화면이 중복 push 되지 않는다","설정 화면 표시 상태","1. 약관 및 정책 메뉴를 빠르게 2회 이상 연타한다 2. 네비게이션 스택을 확인한다","동일 화면이 중복으로 쌓이지 않고 한 번만 push 된다","경계","P2","","디바운스 처리 여부 확인"
"FE-ST-014","설정","설정 메인","다크모드","다크모드에서 설정 화면 색상과 텍스트가 정상 표시된다","시스템 다크모드 활성화","1. 다크모드로 설정 후 설정 화면에 진입한다 2. 배경/텍스트/아이콘 대비를 확인한다","디자인 토큰 색상이 적용되어 가독성 문제 없이 표시된다","경계","P2","",""
"FE-ST-015","설정","설정 메인","상태 보존","다른 화면 진입 후 복귀 시 설정 화면이 정상 복원된다","설정 화면에서 약관 화면으로 이동한 상태","1. 약관 화면으로 push 한다 2. 뒤로가기로 설정 화면에 복귀한다 3. 화면 상태를 확인한다","설정 화면의 메뉴/버전 정보가 정상적으로 다시 표시된다","정상","P2","",""
"FE-ST-016","설정","회원탈퇴","화면 렌더링","회원탈퇴 화면 진입 시 안내 문구와 체크박스, 탈퇴 버튼이 표시된다","로그인 상태에서 회원탈퇴 화면 진입","1. 회원탈퇴 화면에 진입한다 2. 타이틀, 안내 불릿 2개, 동의 체크박스, 탈퇴하기 버튼을 확인한다","모든 요소가 정상 렌더링되고 탈퇴하기 버튼은 비활성 상태로 표시된다","정상","P0","",""
"FE-ST-017","설정","회원탈퇴","초기 상태","진입 직후 체크박스는 해제 상태이고 탈퇴 버튼은 비활성이다","회원탈퇴 화면 진입 직후","1. 체크박스 아이콘 상태를 확인한다 2. 탈퇴하기 버튼 활성 여부를 확인한다","체크박스는 미체크(sucessLine) 아이콘, 탈퇴하기 버튼은 disabled 상태다","정상","P1","",""
"FE-ST-018","설정","회원탈퇴","동의 체크 토글","체크박스 탭 시 체크 상태가 토글되고 애니메이션으로 아이콘이 전환된다","회원탈퇴 화면 표시, 체크 해제 상태","1. 체크박스 영역(Label)을 탭한다 2. 아이콘 전환 애니메이션을 확인한다","isChecked가 true로 토글되어 successBlue 아이콘으로 부드럽게 전환되고 탈퇴 버튼이 활성화된다","정상","P0","",""
"FE-ST-019","설정","회원탈퇴","버튼 활성 게이팅","체크 해제 상태에서 탈퇴하기 버튼은 탭해도 동작하지 않는다","회원탈퇴 화면, 체크 해제 상태","1. 체크하지 않은 채로 탈퇴하기 버튼을 탭한다 2. 동작 여부를 확인한다","버튼이 disabled 이므로 탭에 반응하지 않고 signOut이 호출되지 않는다","경계","P0","",""
"FE-ST-020","설정","회원탈퇴","회원탈퇴 실행","체크 후 탈퇴하기 버튼 탭 시 회원탈퇴가 실행된다","회원탈퇴 화면, 체크 완료 상태, 정상 네트워크","1. 동의 체크박스를 체크한다 2. 활성화된 탈퇴하기 버튼을 탭한다 3. 처리 결과를 확인한다","signOut API 호출이 트리거된다","정상","P0","","성공 후 화면 전환/완료 피드백이 코드상 없음 - 기획 확인 필요"
"FE-ST-021","설정","회원탈퇴","회원탈퇴 성공 후 처리","회원탈퇴 성공 후 화면 전환/완료 안내 부재 여부를 확인한다","체크 후 탈퇴 버튼 탭, signOut 성공","1. 탈퇴하기 버튼을 탭해 성공 응답을 받는다 2. 화면 상태를 확인한다","코드상 성공 후 네비게이션이나 완료 알럿 처리가 없어 화면이 그대로 유지된다(개선 필요 항목)","예외","P1","","성공 후 처리 미구현 - 데이터파트/기획 연계"
"FE-ST-022","설정","회원탈퇴","회원탈퇴 실패","네트워크 끊김/서버 에러 시 탈퇴 실패에 대한 UI 피드백을 확인한다","네트워크 차단 또는 서버 에러 상태, 체크 완료","1. 동의 체크 후 탈퇴하기 버튼을 탭한다 2. 에러 발생 시 화면 반응을 확인한다","코드상 try await 에러를 catch/표시하지 않아 별도 에러 알럿이 노출되지 않는다(에러 핸들링 부재 - 개선 필요)","예외","P1","","에러 핸들링 미구현, 데이터파트 연계"
"FE-ST-023","설정","회원탈퇴","비로그인/유저정보 없음","유저 정보가 없는 상태에서 탈퇴 시도 시 동작을 확인한다","signInInformation의 userInfo가 없는 상태","1. 동의 체크 후 탈퇴하기 버튼을 탭한다 2. 결과를 확인한다","Repository에서 notFoundUser 에러를 throw 하나, 화면단 에러 표시가 없어 무반응 처리된다","예외","P2","","데이터파트 연계(notFoundUser)"
"FE-ST-024","설정","회원탈퇴","체크 토글 반복","체크박스를 빠르게 반복 탭해도 상태와 버튼 활성이 일관되게 동작한다","회원탈퇴 화면 표시 상태","1. 체크박스를 빠르게 여러 번 연타한다 2. 최종 체크 상태와 버튼 활성 상태를 확인한다","마지막 토글 결과에 맞춰 체크 상태와 탈퇴 버튼 활성 여부가 정확히 일치한다","경계","P2","",""
"FE-ST-025","설정","회원탈퇴","긴 텍스트 오버플로우","안내 불릿 문구가 길어도 레이아웃이 깨지지 않는다","회원탈퇴 화면 표시 상태","1. 안내 불릿 2개 텍스트의 줄바꿈/표시를 확인한다 2. 작은 화면/큰 글꼴 설정에서도 확인한다","byChaWrapping 줄바꿈이 적용되며 텍스트가 잘리거나 레이아웃이 깨지지 않는다","경계","P2","",""
"FE-ST-026","설정","회원탈퇴","네비게이션 - 뒤로가기","네비게이션 바 뒤로가기 탭 시 이전 화면으로 pop 된다","회원탈퇴 화면 표시 상태","1. 상단 좌측 화살표 버튼을 탭한다 2. 화면 전환을 확인한다","설정 화면으로 pop 되어 돌아간다","정상","P1","",""
"FE-ST-027","설정","회원탈퇴","상태 보존","화면 이탈 후 복귀 시 체크 상태 보존 여부를 확인한다","회원탈퇴 화면에서 체크 후 다른 화면 이동","1. 체크박스를 체크한다 2. 뒤로가기로 이탈 후 다시 회원탈퇴 화면으로 진입한다 3. 체크 상태를 확인한다","@State가 화면 재생성 시 초기화되어 체크 해제 및 버튼 비활성 상태로 재진입한다","경계","P2","",""
"FE-ST-028","설정","회원탈퇴","다크모드","다크모드에서 회원탈퇴 화면 요소가 정상 표시된다","시스템 다크모드 활성화","1. 다크모드로 회원탈퇴 화면에 진입한다 2. 텍스트/체크 아이콘/버튼 대비를 확인한다","색상 토큰이 적용되어 가독성 문제 없이 표시된다","경계","P2","",""
"FE-ST-029","설정","약관 및 정책 목록","화면 렌더링","약관 목록 진입 시 3개 항목이 표시된다","설정 화면에서 약관 및 정책 진입","1. 약관 목록 화면에 진입한다 2. 회원약관/개인정보처리방침/서비스운영정책 항목을 확인한다","3개 메뉴 항목과 우측 화살표 아이콘이 정상 표시된다","정상","P1","",""
"FE-ST-030","설정","약관 및 정책 목록","회원약관 진입","회원약관 탭 시 약관 상세 웹뷰로 push 된다","약관 목록 화면 표시 상태","1. 회원약관 항목을 탭한다 2. 화면 전환을 확인한다","회원약관 상세 화면으로 push 이동한다","정상","P1","",""
"FE-ST-031","설정","약관 및 정책 목록","개인정보처리방침 진입","개인정보처리방침 탭 시 약관 상세 웹뷰로 push 된다","약관 목록 화면 표시 상태","1. 개인정보처리방침 항목을 탭한다 2. 화면 전환을 확인한다","개인정보처리방침 상세 화면으로 push 이동한다","정상","P1","",""
"FE-ST-032","설정","약관 및 정책 목록","서비스운영정책 진입","서비스운영정책 탭 시 약관 상세 웹뷰로 push 된다","약관 목록 화면 표시 상태","1. 서비스운영정책 항목을 탭한다 2. 화면 전환을 확인한다","서비스운영정책 상세 화면으로 push 이동한다","정상","P1","",""
"FE-ST-033","설정","약관 및 정책 목록","네비게이션 - 뒤로가기","뒤로가기 탭 시 설정 화면으로 pop 된다","약관 목록 화면 표시 상태","1. 상단 좌측 화살표 버튼을 탭한다 2. 화면 전환을 확인한다","설정 화면으로 pop 되어 돌아간다","정상","P2","",""
"FE-ST-034","설정","약관 및 정책 목록","중복 탭 처리","약관 항목을 연속 탭해도 상세 화면이 중복 push 되지 않는다","약관 목록 화면 표시 상태","1. 동일 항목을 빠르게 2회 이상 연타한다 2. 네비게이션 스택을 확인한다","상세 화면이 중복으로 쌓이지 않는다","경계","P2","",""
"FE-ST-035","설정","약관 상세","웹뷰 로딩","약관 상세 진입 시 해당 약관 웹페이지가 로드된다","정상 네트워크, 유효한 약관 URL","1. 약관 항목을 탭해 상세 화면에 진입한다 2. 웹뷰 콘텐츠 로딩을 확인한다","MercuryWebView에 해당 약관 페이지가 로드되어 표시된다","정상","P1","","URL별 콘텐츠 정확성은 데이터파트 연계"
"FE-ST-036","설정","약관 상세","로딩 상태 표시","웹뷰 로딩 중/완료 시 로딩 인디케이터 동작을 확인한다","약관 상세 화면 진입, 네트워크 지연 환경","1. 네트워크 지연 환경에서 약관 상세에 진입한다 2. 로딩 인디케이터 노출/해제 여부를 확인한다","WebView Coordinator가 비어 있어 isLoading이 false로 전환되지 않고, 화면에 로딩 인디케이터 UI 자체가 없어 별도 표시가 없다(개선 필요)","예외","P2","","isLoading 바인딩 미사용/Coordinator 비어있음"
"FE-ST-037","설정","약관 상세","네트워크 끊김","네트워크 끊김 상태에서 약관 상세 진입 시 화면 동작을 확인한다","네트워크 차단 상태","1. 네트워크를 차단한다 2. 약관 항목을 탭해 상세 화면에 진입한다 3. 웹뷰 표시를 확인한다","웹페이지 로드 실패 시 별도 에러 UI 없이 빈 웹뷰가 표시된다(에러 핸들링 부재)","예외","P1","","WebView 에러 핸들링 미구현"
"FE-ST-038","설정","약관 상세","잘못된 URL 처리","약관 URL이 유효하지 않을 때 빈 화면 처리를 확인한다","termsType.webURL이 nil인 상태","1. URL이 유효하지 않은 약관 항목으로 상세 진입한다 2. 화면을 확인한다","웹뷰가 표시되지 않고 placeholder(TODO 미구현)로 빈 영역이 노출된다","예외","P2","","placeholder 미구현(TODO)"
"FE-ST-039","설정","약관 상세","네비게이션 - 뒤로가기","뒤로가기 탭 시 약관 목록으로 pop 된다","약관 상세 화면 표시 상태","1. 상단 좌측 화살표 버튼을 탭한다 2. 화면 전환을 확인한다","약관 목록 화면으로 pop 되어 돌아간다","정상","P1","",""
"FE-ST-040","설정","약관 상세","백그라운드 복귀","앱 백그라운드 후 포그라운드 복귀 시 웹뷰가 유지된다","약관 상세 웹뷰 로드 완료 상태","1. 약관 상세에서 앱을 백그라운드로 전환한다 2. 포그라운드로 복귀한다 3. 웹뷰 상태를 확인한다","웹뷰 콘텐츠가 유지되며 화면이 정상 복원된다","경계","P2","",""
"FE-ST-041","설정","오픈소스 라이선스","라이선스 로드","오픈소스 라이선스 진입 시 로컬 번들에서 목록을 로드해 표시한다","Settings.bundle 및 plist 정상 포함된 빌드","1. 설정에서 오픈소스 라이선스에 진입한다 2. onLoad로 로드된 라이선스 목록을 확인한다","각 라이선스의 타이틀과 내용이 구분선과 함께 ScrollView에 표시된다","정상","P1","",""
"FE-ST-042","설정","오픈소스 라이선스","빈 상태","번들/plist를 찾지 못할 때 빈 화면으로 처리된다","Settings.bundle 또는 plist 누락 상황","1. 오픈소스 라이선스 화면에 진입한다 2. 목록 영역을 확인한다","licenses가 비어 있어 ScrollView에 항목이 표시되지 않는 빈 화면이 노출된다(에러 안내 없음)","예외","P2","","번들 누락 시 print 후 빈 배열 유지"
"FE-ST-043","설정","오픈소스 라이선스","스크롤","긴 라이선스 목록/본문을 스크롤로 끝까지 확인할 수 있다","라이선스 목록 로드 완료","1. 라이선스 화면에서 위아래로 스크롤한다 2. 마지막 항목까지 표시되는지 확인한다","ScrollView로 긴 콘텐츠가 끊김 없이 스크롤되며 모든 항목을 볼 수 있다","정상","P2","",""
"FE-ST-044","설정","오픈소스 라이선스","긴 텍스트 오버플로우","라이선스 본문이 매우 길어도 레이아웃이 깨지지 않는다","본문이 긴 라이선스 항목 포함","1. 본문이 긴 라이선스 항목을 확인한다 2. 텍스트 줄바꿈과 가로 넘침 여부를 확인한다","텍스트가 가로 패딩 안에서 줄바꿈되어 표시되고 오버플로우가 발생하지 않는다","경계","P2","",""
"FE-ST-045","설정","오픈소스 라이선스","네비게이션 - 뒤로가기","뒤로가기 탭 시 설정 화면으로 pop 된다","오픈소스 라이선스 화면 표시 상태","1. 상단 좌측 화살표 버튼을 탭한다 2. 화면 전환을 확인한다","설정 화면으로 pop 되어 돌아간다","정상","P2","",""
"FE-ST-046","설정","오픈소스 라이선스","다크모드","다크모드에서 라이선스 텍스트가 가독성 있게 표시된다","시스템 다크모드 활성화","1. 다크모드로 라이선스 화면에 진입한다 2. 텍스트/배경 대비를 확인한다","neutral 색상 토큰이 적용되어 가독성 문제 없이 표시된다","경계","P2","",""
"FE-CM-001","댓글","Comment 모듈(미구현 스캐폴드)","SampleApp 진입 (CommentEntry @main)","CommentSampleApp 실행 시 빈 화면이 표시된다","CommentSampleApp 스킴으로 빌드/실행 가능한 상태","1. CommentSampleApp 스킴을 선택한다 2. 시뮬레이터/디바이스에서 앱을 실행한다 3. 첫 화면을 확인한다","CommentEntry의 WindowGroup body가 비어 있어 아무 UI도 렌더링되지 않는 빈(블랭크) 화면이 표시되고 크래시는 발생하지 않는다","경계","P2","","코드 근거: SampleApp/Sources/CommentEntry.swift 의 WindowGroup { } 가 빈 body. 실제 댓글 기능 화면은 미구현 상태."
"FE-CM-002","댓글","Comment 모듈(미구현 스캐폴드)","모듈 구현 여부 확인","Comment 모듈에 구현된 View/기능이 없음을 확인한다 (QA 불가 상태)","Projects/Feature/Comment/Sources 소스 트리 접근 가능","1. Projects/Feature/Comment/Sources/tmp.swift 를 확인한다 2. View/ViewModel/Store/Coordinator/Route 파일 존재 여부를 확인한다 3. 화면 진입 동선이 있는지 확인한다","Sources/tmp.swift 등 모든 소스가 빈 placeholder 이며 화면/버튼/리스트/입력/네비게이션 등 검증 대상 동작이 존재하지 않아 프론트 QA를 진행할 수 없음을 확인한다","예외","P0","","Comment 모듈은 Tuist 미구현 스캐폴드(Sources/Resources/Tests 의 tmp.swift 모두 빈 파일). 댓글 목록·작성·삭제·좋아요·대댓글 등 시나리오는 구현 후 재작성 필요. 추측 기반 시나리오 작성 금지 규칙에 따라 가상 기능은 도출하지 않음."
"FE-RP-001","신고","신고 화면 (ReportView)","화면 렌더링","신고 화면 진입 시 ""ReportView"" 텍스트가 정상 표시되는지 확인","앱 실행 후 신고 화면(ReportView)으로 진입 가능한 상태","1. 신고 화면으로 진입한다. 2. 화면 중앙 VStack 영역에 표시되는 텍스트를 확인한다.","화면 크래시 없이 ""ReportView"" 텍스트가 렌더링되어 표시된다.","정상","P1","","현재 모듈은 플레이스홀더 화면으로 실제 신고 기능 UI는 미구현 상태(기획/데이터파트 연계 필요)"
"FE-RP-002","신고","신고 화면 (ReportView)","ViewModel(ReportModelData) 생성","화면 진입 시 ReportModelData(@StateObject)가 정상 생성되고 크래시/프리즈가 없는지 확인","앱 실행 상태","1. 신고 화면으로 진입한다. 2. 화면이 정상적으로 표시되는지 확인한다.","ReportModelData가 초기화되며 진입 과정에서 크래시나 멈춤(프리즈)이 발생하지 않는다.","정상","P0","","ReportModelData는 현재 빈 ObservableObject로 발행 상태/네트워킹 없음"
"FE-RP-003","신고","신고 화면 (ReportView)","상호작용 요소 부재 확인","화면 내 탭 가능한 버튼/셀/입력/리스트 등 인터랙션 요소가 없음을 확인(현재 스펙)","신고 화면 진입","1. 신고 화면으로 진입한다. 2. 텍스트 외 버튼/리스트/입력 필드/토글/바텀시트 등 인터랙션 요소 존재 여부를 확인한다.","텍스트만 표시되며 탭·입력·스크롤 가능한 UI 요소가 존재하지 않는다(현재 미구현).","경계","P2","","신고 기능 UI 미구현. 기획/데이터파트 연계 후 상호작용·상태(로딩/빈/에러)·네비게이션 시나리오 확장 필요"
"FE-RP-004","신고","신고 화면 (ReportView)","상태 보존(재진입)","다른 화면으로 이동 후 신고 화면으로 복귀 시 화면이 정상 재표시되는지 확인","신고 화면 진입 가능한 상태","1. 신고 화면으로 진입한다. 2. 다른 탭/화면으로 이동한다(탭 전환 또는 push/pop). 3. 신고 화면으로 다시 진입한다.","복귀 시 ""ReportView"" 텍스트가 다시 정상 표시되며 StateObject 유지/재생성 과정에서 크래시가 없다.","경계","P2","",""
"FE-RP-005","신고","신고 화면 (ReportView)","백그라운드→포그라운드 복귀","앱을 백그라운드로 보냈다가 포그라운드로 복귀 시 화면이 유지되는지 확인","신고 화면이 표시된 상태","1. 신고 화면이 표시된 상태에서 홈 제스처/버튼으로 앱을 백그라운드로 전환한다. 2. 앱을 다시 포그라운드로 복귀한다.","복귀 후에도 ""ReportView"" 텍스트가 그대로 유지되어 표시된다.","경계","P2","",""
"FE-RP-006","신고","신고 화면 (ReportView)","다크모드 표시","다크모드에서 텍스트가 잘리거나 사라지지 않고 렌더링되는지 확인","시스템 다크모드 활성화 상태","1. 시스템 설정에서 다크모드를 활성화한다. 2. 신고 화면으로 진입한다.","""ReportView"" 텍스트가 다크모드에서도 가독성 있게 표시되고 배경/텍스트가 사라지지 않는다.","경계","P2","","텍스트 색상이 별도 지정 없이 기본색 사용 — 다크모드 대비 확인 필요"